38.6,6.8
29.1,23.7
15.6,10.9
42.8,25.3
18.7,72.7
28.8,21.2
45.3,18.8
21.4,21.4
34.8,78.2
13.6,29.6
44.0,55.6
18.4,28.2
35.5,97.9
3.6,34.4
2.4,73.7
23.7,11.9
45.2,80.5
42.7,76.8
1.3,49.7
17.6,8.0
4.3,96.9
15.9,77.5
15.3,44.2
47.8,90.8
34.1,2.8
12.0,40.4
32.7,37.2
32.7,21.6
35.0,30.1
26.2,33.4
1.8,51.1
10.1,63.7
12.5,45.6
15.3,10.1
16.6,66.0
9.3,19.8
21.4,19.1
10.4,91.0
11.8,59.3
48.7,26.9
1.1,16.3
33.1,2.1
24.7,7.1
23.2,53.1
7.5,63.7
3.4,72.5
48.6,1.8
2.1,57.5
38.2,68.1
26.1,85.1
6.7,85.5
28.7,2.1
42.0,4.2
48.7,46.3
8.1,74.3
48.9,10.7
16.3,25.6
15.6,87.3
42.4,18.2
7.0,17.9
49.5,77.6
47.5,69.6
29.6,46.2
11.3,41.0
7.3,63.3
7.2,55.6
3.4,12.3
6.7,16.7
29.4,64.0
9.0,45.3
4.7,0.2
18.4,40.7
32.9,96.1
19.9,71.5
35.2,17.0
36.3,58.3
27.0,34.3
43.0,35.8
45.2,87.8
21.4,37.7
40.7,56.5
15.7,53.0
29.9,42.2
1.8,20.3
6.1,14.5
14.2,20.9
0.0,68.7
4.2,98.8
20.3,54.3
1.8,63.1
3.1,51.0
35.2,97.7
45.3,56.1
0.8,72.5
13.1,77.5
13.0,71.0
10.5,80.3
31.8,53.0
34.3,83.7
40.4,23.6
46.1,19.5
29.6,56.0
44.3,51.6
29.1,85.2
12.9,87.1
47.5,36.1
42.0,79.7
15.7,30.4
43.0,33.8
31.1,3.7
20.3,31.1
47.0,34.6
44.1,57.3
49.9,19.7
2.5,55.4
15.1,57.0
36.7,80.0
35.3,86.7
45.8,14.3
4.5,39.0
48.9,16.3
23.3,39.1
41.2,89.9
43.4,41.3
24.4,33.2
33.4,34.7
10.6,77.0
41.5,61.1
12.7,24.6
33.8,31.2
25.9,38.5
40.0,70.5
28.4,38.0
31.3,4.0
4.4,44.6
19.3,71.7
12.3,23.3
2.9,24.2
42.2,54.9
26.1,98.3
35.2,58.4
35.4,71.8
44.2,95.5
17.8,96.4
48.5,9.6
30.6,67.1
23.3,77.8
43.5,59.2
18.1,76.1
41.1,44.4
13.6,82.9
16.1,4.1
47.2,95.0
4.9,98.0
35.5,58.7
38.2,70.4
36.2,69.3
30.4,93.4
33.8,8.3
40.9,61.3
1.1,66.2
3.4,99.3
41.6,71.6
12.5,46.9
18.0,46.6
43.9,8.4
36.3,7.7
35.5,87.4
13.0,66.6
38.6,93.4
42.7,37.5
12.6,38.3
16.5,90.8
47.3,77.3
8.5,93.7
45.7,27.8
47.0,20.9
21.0,61.0
37.9,33.0
10.4,22.8
34.9,63.0
30.9,24.4
35.3,68.1
48.8,64.6
49.1,73.3
33.6,1.0
15.5,88.5
37.9,64.7
20.4,68.6
33.1,92.4
38.4,47.7
14.9,42.3
27.5,60.1
7.1,51.8
32.8,9.9
5.7,93.0
22.9,54.4
11.7,22.4
37.8,0.8
33.7,64.8
46.5,30.0
39.5,43.6
13.2,90.4
48.4,5.6
22.5,77.2
10.1,7.3
33.3,28.3
22.9,22.2
16.5,19.5
34.6,10.6
26.9,45.9
49.4,88.2
30.9,74.2
27.6,76.6
32.5,53.3
44.5,40.0
0.5,1.3
49.6,46.9
34.2,86.2
7.9,64.5
31.6,8.6
3.3,88.4
44.8,4.1
13.1,17.4
4.2,1.1
44.6,56.0
15.7,56.9
5.5,47.2
15.5,90.8
40.8,52.1
17.6,20.1
20.2,91.6
44.0,80.1
3.1,65.4
14.5,98.9
26.8,46.9
1.8,4.8
23.6,45.1
19.5,10.4
49.2,57.7
24.0,37.8
34.0,63.8
32.0,33.0
4.2,44.1
45.1,52.0
7.9,77.7
2.2,63.7
14.6,43.1
34.0,15.0
0.1,9.5
48.8,60.8
44.1,9.5
23.7,42.3
26.2,26.6
4.7,65.8
4.0,20.6
46.1,24.0
2.0,97.4
26.0,76.6
13.7,55.0
35.7,62.2
37.5,77.0
41.5,76.0
21.2,39.9
37.7,4.2
38.5,24.1
5.0,88.9
29.9,87.2
24.7,58.5
8.2,21.8
40.3,81.9
17.2,24.4
21.9,95.2
42.6,80.4
29.8,31.8
45.5,91.4
43.7,45.2
19.0,35.5
42.8,11.2
13.2,71.4
49.9,12.5
25.5,5.3
44.4,83.9
5.2,3.4
32.0,16.8
23.9,93.4
30.1,5.6
37.2,89.6
13.8,50.5
16.5,87.8
45.3,61.9
40.1,43.6
6.5,85.5
18.2,64.9
25.4,24.3
0.7,38.2
16.0,45.0
10.9,68.1
15.3,29.2
17.8,59.9
42.3,81.9
8.1,42.8
41.9,97.6
15.6,81.8
35.3,48.3
3.9,35.1
39.0,38.6
40.3,37.9
16.1,7.5
46.1,3.2
23.7,45.5
26.2,39.7
7.6,9.6
30.6,15.1
41.8,6.2
29.4,98.4
7.4,73.2
1.5,8.7
22.8,37.4
29.8,15.4
27.1,54.7
47.0,2.5
8.2,66.3
30.1,93.5
32.1,84.0
17.9,23.2
18.4,32.4
6.2,39.1
14.6,76.6
13.7,74.2
18.1,16.0
49.0,64.4
44.7,9.5
10.1,4.8
17.7,71.9
46.1,94.8
23.9,76.8
24.4,92.6
25.6,49.9
11.6,48.9
24.7,67.8
25.4,99.7
35.2,35.6
30.7,82.4
30.3,63.9
39.6,68.9
4.9,85.4
39.5,38.2
28.3,29.6
6.5,6.8
23.0,55.3
29.0,92.2
45.8,41.0
37.6,60.1
41.7,19.8
43.9,79.4
26.6,78.5
12.3,68.5
32.5,98.3
47.0,53.8
24.0,37.8
22.0,71.5
46.3,23.3
42.4,62.3
48.8,10.7
18.0,21.6
18.4,16.4
1.4,94.0
4.8,58.6
3.9,29.3
30.1,1.3
49.4,40.8
38.0,99.9
7.8,31.3
30.3,10.4
36.5,58.2
17.8,59.1
29.3,8.2
5.6,86.4
49.8,68.3
28.0,13.0
31.1,72.8
41.9,66.1
21.2,36.8
37.8,30.6
29.3,6.5
45.1,64.6
46.8,46.8
19.4,3.2
47.7,92.7
3.8,53.4
0.8,87.2
18.8,77.7
43.0,77.7
28.8,94.5
41.4,23.2
29.4,39.6
36.6,47.2
19.4,26.0
28.5,9.9
28.7,78.7
27.8,30.1
25.8,66.4
33.9,70.9
32.7,11.9
34.6,8.0
45.5,6.9
30.3,2.6
5.6,75.0
17.5,6.0
40.0,64.6
39.5,81.1
23.9,35.5
23.8,50.7
45.7,46.4
3.9,12.8
23.1,85.4
17.6,29.0
48.9,71.5
17.8,71.2
4.9,15.1
6.1,45.7
12.5,74.8
16.1,51.9
39.4,70.5
17.9,63.9
45.4,50.9
14.9,92.7
49.7,74.4
41.1,16.1
9.3,17.1
39.7,19.0
2.0,56.4
30.8,5.5
35.8,31.5
2.4,39.8
19.7,63.8
48.1,64.9
26.1,33.4
27.9,72.9
1.6,95.6
35.9,20.9
5.3,43.9
10.9,95.2
27.7,42.5
14.7,23.3
44.6,19.4
26.2,92.7
17.8,93.3
20.8,68.7
6.5,26.6
40.1,47.3
32.8,95.9
12.2,27.0
27.3,64.9
20.1,66.1
9.2,9.3
6.4,23.1
22.6,58.5
4.2,60.1
17.2,66.5
25.0,29.1
1.0,81.4
25.3,19.9
5.7,3.5
14.6,59.0
45.8,87.2
29.9,76.6
7.6,24.4
27.5,14.6
9.7,94.8
20.3,90.6
1.0,63.3
2.4,79.9
3.2,29.3
23.7,77.0
42.4,81.5
17.0,46.5
38.3,51.1
22.6,84.2
22.6,4.4
7.8,51.1
17.7,81.3
37.1,31.2
24.6,36.1
3.9,20.8
1.6,93.7
20.3,39.6
12.9,59.3
13.5,38.6
38.3,70.6
6.7,82.1
28.0,52.3
37.0,10.2
26.5,13.4
0.0,64.2
39.5,70.9
34.6,15.0
39.5,89.5
27.5,20.7
44.5,73.6
15.2,70.4
10.7,26.5
36.8,91.1
20.4,94.4
10.2,17.2
12.0,6.6
3.7,74.6
45.5,33.5
47.4,83.2
3.5,64.1
39.0,35.8
18.0,43.5
20.8,32.4
12.2,25.6
30.2,36.4
2.1,6.2
24.8,3.0
20.0,42.9
30.3,29.6
39.3,83.0
34.6,58.6
46.4,82.7
20.0,72.5
31.6,94.5
11.9,45.6
47.2,71.8
6.8,24.8
47.7,94.7
17.1,77.9
42.3,41.2
33.3,15.2
16.9,84.1
6.5,17.7
28.4,4.5
17.2,48.0
36.4,65.3
2.2,24.1
47.4,19.4
21.4,53.3
1.7,69.2
34.5,29.9
0.8,14.8
20.9,32.3
46.3,24.7
3.7,45.3
4.3,82.6
22.4,37.4
8.2,54.1
12.3,8.7
34.8,22.3
7.7,58.8
29.9,75.8
36.3,29.2
33.6,89.4
15.0,76.0
25.8,81.0
37.2,15.5
36.0,36.6
6.7,19.0
21.1,80.7
12.5,32.1
48.4,89.1
19.7,90.2
10.2,67.1
3.8,40.7
47.3,34.2
41.8,81.0
26.8,10.1
34.9,25.8
21.1,12.6
32.5,3.2
47.3,31.5
46.8,27.6
4.0,29.3
32.6,79.7
20.3,5.6
33.1,88.9
48.6,83.3
30.9,70.7
18.2,82.3
4.3,0.1
40.8,89.3
40.6,17.4
48.7,93.4
30.9,62.0
33.3,87.6
38.4,29.6
7.8,21.8
18.7,65.3
47.7,11.7
41.0,91.1
0.9,28.0
0.0,89.1
33.9,94.6
41.9,70.2
24.0,99.1
44.6,59.8
1.9,64.9
10.7,5.4
25.1,76.2
15.1,14.7
33.7,3.1
6.5,52.9
14.3,36.7
36.6,75.3
22.9,96.5
37.6,24.6
0.1,17.6
49.0,53.6
44.6,92.0
24.7,2.7
4.8,91.5
6.9,67.5
49.1,17.0
12.9,50.8
0.1,31.9
7.5,19.2
40.7,67.3
11.8,98.8
7.4,47.1
30.1,31.1
10.7,8.4
12.1,51.6
11.9,64.7
29.7,86.2
33.3,67.9
8.0,58.2
13.3,27.4
2.5,75.8
44.6,45.5
27.3,11.7
5.4,22.3
37.5,13.9
40.7,55.9
21.5,32.9
46.9,99.2
19.3,42.0
15.8,18.3
40.6,1.2
33.6,62.2
21.8,33.5
28.7,39.6
42.0,32.4
7.9,56.8
46.3,54.0
31.1,47.8
4.7,69.4
46.2,48.6
10.1,99.0
16.7,10.3
35.0,67.9
10.7,26.5
46.1,67.5
14.6,74.1
13.2,8.3
23.0,3.8
4.2,27.0
0.9,21.0
27.0,71.2
19.1,42.6
49.0,24.6
31.6,89.1
35.3,46.0
44.8,69.1
24.7,83.0
49.0,82.2
33.8,56.9
46.0,75.7
6.0,30.9
23.6,16.5
1.5,41.6
15.1,84.2
3.9,58.3
19.6,82.4
33.8,71.5
47.2,49.1
30.4,90.7
6.0,45.3
2.2,32.4
27.9,46.2
38.8,60.0
12.3,43.5
5.1,63.9
18.0,51.5
17.4,26.1
4.4,23.1
11.9,21.7
19.7,56.5
47.2,79.0
40.6,12.3
3.3,7.2
0.7,77.9
44.2,48.9
10.7,76.9
22.4,46.7
35.5,79.6
37.5,1.1
19.4,43.0
8.4,86.7
37.0,43.8
11.1,87.7
23.8,41.5
31.2,71.3
12.6,39.0
25.6,55.6
25.4,25.4
25.5,43.5
19.7,70.4
29.2,46.7
27.5,61.3
21.2,59.1
3.3,88.1
27.4,29.3
24.0,22.7
41.4,96.3
19.7,7.6
2.5,37.4
45.0,19.0
29.8,60.0
7.6,17.2
11.8,82.3
12.8,89.2
47.9,45.7
14.2,31.6
30.8,68.3
42.2,70.2
15.8,12.6
0.6,63.1
40.4,59.5
43.3,33.1
11.6,2.5
28.0,54.9
8.0,43.2
10.1,13.6
26.7,20.4
5.4,98.4
15.6,37.8
18.8,60.2
16.7,17.4
46.1,9.1
0.4,16.4
30.5,14.6
5.8,69.3
38.0,92.4
18.0,26.9
19.0,0.1
36.7,82.2
46.9,21.1
13.0,70.7
36.5,52.5
12.6,14.8
39.0,41.2
28.7,86.1
19.4,93.8
37.5,41.0
14.8,63.5
33.6,77.4
16.1,6.8
20.7,41.5
21.5,46.7
33.6,27.9
38.7,26.5
41.1,10.7
12.5,49.1
21.9,16.4
17.0,62.7
22.1,39.7
41.8,86.0
19.1,19.7
28.5,25.6
15.2,82.1
8.7,95.1
48.5,74.5
16.4,95.9
24.9,87.1
39.8,84.6
13.7,26.4
42.6,97.4
18.6,51.6
29.4,46.7
30.5,89.6
24.9,58.5
3.4,66.9
9.6,27.4
46.8,46.1
34.3,21.7
42.2,17.5
8.1,85.1
5.2,82.3
14.6,7.8
38.8,29.0
49.6,56.7
18.4,49.4
17.6,17.8
27.2,86.3
24.3,86.6
30.4,10.3
32.2,40.8
16.0,58.8
44.0,30.2
27.6,5.4
1.1,3.7
9.2,57.9
0.1,10.0
5.1,0.1
43.4,54.9
11.1,50.9
34.4,32.0
45.2,93.2
10.8,57.5
15.8,1.4
36.5,7.3
48.7,81.9
30.3,74.0
26.4,75.4
26.4,51.6
47.1,99.1
26.2,72.3
13.3,95.4
19.1,78.8
24.6,25.2
3.7,54.2
49.6,93.8
32.1,9.9
20.6,32.5
25.1,38.8
18.5,30.6
49.2,53.8
16.2,94.9
3.1,36.5
48.5,26.1
28.5,34.8
23.6,35.3
30.3,23.1
49.2,96.6
2.6,95.0
27.5,42.8
4.1,6.5
46.9,18.7
3.9,3.6
8.8,50.8
16.3,20.4
12.5,14.0
7.2,63.6
0.3,98.6
19.9,31.8
44.5,1.7
40.8,23.0
34.0,72.7
3.5,64.0
16.5,41.1
5.7,44.6
13.6,55.2
41.9,94.2
11.1,91.9
30.0,13.7
43.4,2.6
9.4,46.3
46.7,36.5
4.8,33.1
10.4,97.1
11.2,99.7
28.4,73.4
2.9,53.3
30.6,85.2
19.1,21.1
5.8,43.9
35.2,76.4
19.6,88.0
46.5,69.8
15.0,20.2
20.6,8.7
19.3,26.1
22.4,86.4
41.4,35.2
14.8,31.5
31.5,73.9
21.6,35.9
9.3,11.8
43.9,53.7
24.6,30.5
16.5,37.0
26.7,38.9
1.0,43.0
16.0,42.4
3.5,5.4
21.7,39.9
1.4,0.5
27.8,13.8
30.5,30.7
14.2,19.5
35.2,26.0
27.8,6.7
29.0,37.7
0.3,34.5
28.9,27.4
0.0,39.3
10.2,99.6
43.6,4.2
27.5,99.7
12.0,1.8
27.1,40.4
14.0,24.1
44.0,23.0
35.4,42.6
40.0,4.8
25.3,57.1
12.6,29.8
30.0,6.9
40.7,46.7
40.4,64.3
21.1,97.5
42.2,79.7
2.6,4.0
9.7,3.3
6.6,51.5
29.3,61.3
3.3,26.7
32.6,30.0
48.9,31.4
9.3,35.0
33.3,57.9
27.1,52.9
38.3,43.0
7.0,90.6
19.7,80.2
11.3,8.3
9.4,59.6
29.7,56.6
27.9,48.3
9.4,84.1
1.8,67.6
14.6,28.6
23.0,89.3
25.2,98.4
32.3,30.0
4.5,50.0
14.0,45.8
48.8,84.3
21.6,31.6
1.5,62.1
44.9,28.8
31.9,33.1
14.3,50.3
21.2,47.0
33.6,8.5
37.1,49.5
6.2,34.4
15.6,99.0
14.3,25.7
3.3,87.3
46.3,15.7
12.9,9.4
35.5,72.7
40.0,73.0
31.0,75.0
6.7,24.1
22.6,56.8
47.1,74.7
1.8,96.1
49.9,95.8
23.4,3.3
15.5,56.0
27.9,59.5
18.7,93.6
7.2,98.5
27.8,17.4
12.4,15.7
34.7,74.1
1.4,54.4
30.9,55.9
35.0,69.4
42.5,92.2
47.5,50.0
2.0,55.6
20.0,56.5
47.6,32.4
12.8,10.9
20.2,89.2
42.2,69.9
26.7,11.5
17.5,86.4
29.2,63.4
9.6,96.0
49.6,29.6
43.6,20.1
35.9,49.3
17.1,43.9
12.8,77.3
9.1,38.9
30.5,5.8
27.7,81.9
26.7,57.8
1.6,23.2
45.8,13.9
37.6,80.1
44.7,32.9
0.4,50.4
10.3,83.6
5.4,21.5
36.4,99.0
25.3,74.5
34.1,20.0
42.3,45.9
49.1,81.8
42.6,63.1
35.4,45.6
4.4,47.7
28.0,53.2
16.4,0.6
30.1,96.1
2.1,85.3
27.1,7.1
15.3,38.9
24.2,83.7
11.5,41.9
33.2,96.7
33.0,61.9
27.5,80.8
6.7,33.4
36.5,57.3
12.4,9.8
14.3,12.1
4.6,43.8
12.0,53.1
47.1,67.5
25.3,10.2
30.6,76.6
47.3,65.3
10.1,61.1
44.6,45.7
48.6,14.5
29.3,43.2
48.3,74.1
39.7,46.8
46.3,75.2
19.8,99.5
13.7,2.8
35.5,94.4
28.3,42.2
48.9,86.7
7.4,95.4
44.7,55.6
45.6,56.1
17.7,89.4
33.6,89.7
30.3,52.4
22.0,27.4
29.9,10.4
25.5,85.4
7.7,35.0
32.1,77.1
30.2,19.0
13.9,51.1
41.3,58.4
2.7,0.3
4.3,78.0
31.6,2.5
15.4,1.9
12.5,3.0
25.9,40.4
19.3,90.1
39.8,2.8
7.3,87.2
27.7,0.0
21.4,60.7
21.6,71.2
13.3,62.8
11.2,37.6
17.4,70.3
13.9,40.1
36.7,76.9
41.9,66.9
40.5,82.6
44.6,41.5
48.2,57.9
42.6,48.1
16.7,74.9
48.1,74.0
48.7,57.5
2.2,40.5
47.8,82.6
7.7,44.7
28.5,37.4
25.6,0.3
40.0,93.2
33.4,54.7
37.5,11.8
33.5,61.7
3.1,12.7
10.9,31.9
49.0,13.9
1.7,85.0
37.6,95.0
18.9,51.7
33.2,48.4
20.0,77.3
32.9,87.2
22.2,90.8
30.7,39.1
4.9,43.5
15.6,88.8
30.7,3.2
45.4,30.5
36.4,21.6
3.9,34.6
33.9,84.8
17.8,72.5
21.2,81.7
39.5,30.4
34.6,61.9
49.8,99.5
16.9,31.5
26.5,89.6
44.4,87.9
33.6,76.2
0.1,67.0
1.4,78.2
0.2,9.1
26.2,0.3
47.0,44.8
11.0,16.1
21.9,31.8
40.3,55.2
20.8,93.3
22.3,62.6
5.8,31.0
34.9,47.8
21.9,31.8
27.4,29.8
25.0,1.3
20.8,85.0
27.1,31.7
17.2,0.7
40.9,57.4
35.9,33.4
14.6,78.7
18.2,24.5
19.9,83.4
27.8,2.0
25.4,97.8
23.9,95.5
21.6,4.7
32.2,69.1
48.6,54.9
17.1,68.6
27.0,22.5
25.1,92.6
1.5,37.1
30.9,12.0
48.6,79.8
36.6,84.2
10.6,11.2
16.6,32.9
47.2,45.3
4.0,60.4
38.0,52.9
39.4,52.2
26.6,46.1
20.8,49.5
33.6,65.3
1.7,27.0
11.5,3.2
39.6,6.7
14.2,43.7
10.7,2.7
10.7,43.6
2.3,71.0
12.2,63.7
37.1,31.9
35.7,31.5
37.2,51.9
23.4,73.8
46.2,1.2
21.8,97.9
19.6,57.0
47.6,12.3
22.3,32.0
38.1,46.2
30.5,18.0
15.9,26.5
2.2,50.7
11.9,5.3
19.4,32.5
24.0,7.9
13.8,89.6
35.9,9.8
39.0,35.7
45.3,51.5
40.0,49.2
5.3,78.0
31.5,30.5
2.2,64.3
3.7,9.2
49.4,72.7
47.3,78.3
1.3,56.1
49.9,44.8
13.5,23.7
14.0,41.5
17.5,59.9
26.5,35.7
35.1,49.6
42.5,85.4
17.0,9.0
20.6,24.8
33.0,11.9
3.6,53.9
31.7,73.8
23.1,59.5
48.9,29.5
16.8,75.4
6.6,49.3
43.4,15.7
4.9,33.3
4.3,66.9
11.7,38.5
7.0,50.8
12.5,27.4
30.1,54.8
39.6,21.9
37.5,89.8
15.6,69.8
6.0,90.7
24.3,46.0
40.7,53.2
38.7,68.5
21.8,5.4
13.1,77.5
11.2,20.9
31.3,69.3
37.8,0.8
0.1,74.3
0.6,27.5
48.8,56.4
14.4,35.9
6.8,91.3
40.1,76.0
27.2,43.8
22.0,43.4
18.5,96.2
33.4,63.8
25.9,55.3
44.7,55.0
47.4,8.7
12.2,47.4
2.5,39.2
46.1,9.9
23.1,74.2
44.7,57.0
34.2,84.6
46.5,92.3
8.5,45.4
19.8,86.1
44.1,67.6
25.5,82.4
16.7,78.9
41.8,66.4
1.1,11.7
24.4,45.0
42.4,46.2
16.2,89.0
15.9,81.4
15.4,74.3
49.5,70.3
14.8,80.1
27.2,87.0
37.4,52.5
1.6,74.6
23.3,6.3
7.8,3.2
33.3,27.3
28.8,42.1
7.0,26.0
27.7,25.7
3.7,34.5
12.6,44.4
36.0,22.2
26.0,3.9
30.1,35.7
7.2,65.3
43.4,17.8
18.9,70.8
13.9,46.4
2.0,31.2
31.6,27.6
32.5,42.6
14.6,81.6
39.7,5.2
15.6,89.7
33.6,4.9
9.4,73.4
31.3,95.2
27.4,10.0
7.4,52.7
0.2,99.2
7.1,10.9
45.9,50.4
8.1,48.8
44.7,86.8
7.1,67.6
11.0,24.2
31.2,79.9
34.6,82.6
7.5,90.4
21.3,46.8
36.3,70.6
34.1,9.6
23.2,13.5
27.5,42.7
7.9,17.9
15.7,51.2
15.3,64.0
6.6,54.1
25.4,78.8
32.7,30.6
7.9,44.4
37.7,99.7
41.4,94.6
5.4,82.8
12.9,72.2
47.4,24.4
5.0,53.6
13.2,43.7
21.2,82.1
1.9,2.6
46.8,46.7
35.4,96.2
18.0,70.8
46.7,98.4
33.2,15.1
15.9,36.2
12.5,12.0
15.4,28.1
47.5,68.6
13.3,51.7
1.3,72.2
8.4,43.7
11.4,6.9
20.5,77.1
18.7,69.6
5.8,68.6
37.4,62.7
18.4,69.1
36.8,79.2
31.8,12.0
0.6,12.4
8.1,10.6
20.2,58.7
49.7,98.0
11.3,98.3
24.3,73.9
27.6,52.2
49.9,21.4
14.9,27.1
36.6,29.1
14.8,16.3
30.5,96.9
1.7,63.1
30.6,62.3
37.5,61.8
27.2,15.7
2.5,14.7
25.2,90.2
28.0,6.2
1.6,64.2
3.7,43.0
27.2,39.0
10.4,37.7
6.6,22.6
31.3,15.4
19.6,46.5
2.9,34.4
41.1,84.8
25.6,19.2
3.5,77.2
48.7,37.1
11.4,60.7
21.9,32.9
34.4,40.6
0.8,9.6
32.6,23.5
11.8,9.0
10.8,86.5
30.9,21.9
38.0,65.8
24.9,38.6
49.7,59.6
11.2,8.0
4.9,70.5
16.1,65.6
19.4,36.8
49.5,26.0
33.3,70.3
10.0,93.6
47.6,88.0
34.3,72.6
10.4,53.0
25.0,15.7
11.3,96.8
6.4,95.8
11.5,29.4
21.6,41.2
13.7,58.8
18.8,63.2
19.1,35.7
11.5,98.3
4.1,36.0
35.3,28.5
12.2,97.6
21.1,51.2
33.2,68.2
13.3,87.9
48.5,77.2
8.8,46.4
4.8,6.8
42.6,12.9
28.8,36.5
21.3,9.4
46.7,57.9
49.3,7.9
16.3,56.8
27.7,59.4
32.4,70.4
32.1,84.9
41.1,21.4
45.6,25.0
27.2,61.6
14.6,54.8
1.3,55.2
22.1,50.1
20.5,91.1
26.8,31.3
25.2,10.1
20.3,71.8
46.7,61.3
17.5,66.5
49.5,34.3
9.2,9.5
6.3,67.3
11.5,26.6
6.5,32.6
32.1,88.1
7.7,60.2
29.2,96.0
3.5,87.8
3.4,38.3
6.8,48.5
33.3,41.6
1.6,24.1
4.4,54.7
14.8,92.3
45.7,20.9
43.2,24.8
13.0,20.2
21.5,19.7
21.0,35.3
16.0,17.6
18.5,8.5
13.4,65.4
7.9,90.2
25.8,44.6
32.3,5.6
27.2,96.6
26.4,50.4
33.7,76.8
3.1,88.6
29.2,68.3
48.4,20.6
20.5,43.2
0.8,90.7
17.0,38.1
26.4,87.3
22.8,71.5
3.0,96.0
5.6,58.2
7.3,37.7
4.1,18.6
1.4,85.0
13.8,85.9
33.2,89.7
35.9,75.5
26.3,66.2
6.7,53.4
38.4,63.7
10.3,16.5
33.7,83.7
31.9,25.0
28.0,13.5
45.8,77.3
29.9,82.9
45.2,56.7
19.5,9.2
31.0,68.5
40.1,39.8
32.6,11.8
46.4,55.2
38.3,11.9
9.3,58.5
42.7,86.5
36.9,92.2
47.3,42.3
37.6,94.8
45.4,30.9
36.9,83.2
31.2,89.4
46.6,50.3
13.0,83.5
49.6,15.1
18.2,43.3
2.0,44.8
36.6,37.0
49.2,8.8
11.7,12.1
3.4,51.8
3.1,97.5
14.0,5.1
1.7,67.6
44.1,48.1
40.7,44.2
9.2,31.2
47.3,97.0
38.6,75.9
9.3,42.5
14.6,93.1
6.3,3.5
11.0,42.0
41.2,29.0
9.5,57.6
21.9,66.5
35.6,78.6
12.0,22.0
38.4,64.9
30.6,88.0
23.4,58.3
47.6,51.1
16.8,92.2
12.4,72.8
25.0,76.2
29.8,22.4
45.1,80.9
41.4,13.7
19.6,2.6
37.7,85.9
11.3,74.4
24.3,30.6
2.0,14.8
36.4,39.7
3.6,72.6
10.0,12.4
7.3,30.5
47.8,70.8
48.9,61.5
34.9,29.7
8.5,9.6
39.4,42.8
48.9,21.4
38.1,90.3
47.8,10.2
41.4,74.3
44.6,75.3
32.6,72.4
4.8,64.6
23.4,18.8
9.6,85.1
32.8,77.5
28.0,47.3
3.9,59.6
42.6,12.0
7.9,77.7
16.4,45.7
34.4,13.1
47.7,5.8
16.3,82.7
19.2,82.6
22.0,96.9
44.9,45.7
11.5,39.2
32.6,23.2
30.6,33.1
7.2,50.9
5.2,31.9
21.9,1.2
43.3,50.5
6.7,16.6
2.5,83.6
47.1,5.0
20.7,43.6
3.2,52.2
38.4,3.8
15.9,64.2
40.1,36.7
20.5,68.6
43.8,10.4
12.1,68.6
47.2,62.0
25.4,82.7
31.5,81.9
17.6,36.8
34.5,94.3
9.6,82.1
34.5,21.8
38.7,60.4
1.3,84.7
2.1,79.3
16.3,12.9
23.1,57.4
0.6,50.3
35.2,73.7
45.4,75.2
6.7,76.1
13.1,44.8
11.1,43.0
16.3,11.5
20.9,59.4
4.1,69.6
41.5,82.5
42.2,49.7
47.5,58.4
29.5,80.6
33.0,3.0
3.0,44.8
17.9,81.4
7.8,93.4
40.7,12.8
5.6,61.5
23.0,93.8
40.3,43.0
27.9,24.2
49.8,34.5
13.8,91.0
21.3,44.8
35.4,63.0
14.9,63.7
36.4,51.5
27.6,12.1
7.3,10.1
4.6,10.5
34.9,81.3
4.4,40.8
13.6,39.2
15.0,29.0
24.0,46.8
11.7,89.2
0.8,41.4
46.9,70.7
29.4,24.5
26.4,74.9
30.1,61.3
36.9,72.8
25.7,51.8
10.3,29.9
28.7,99.2
23.4,35.9
42.2,70.2
36.5,74.5
7.6,58.7
3.6,88.4
30.4,13.7
48.3,24.1
19.7,40.7
30.9,31.3
28.8,84.4
26.6,90.1
28.5,34.3
25.1,8.6
3.7,36.0
44.6,75.4
9.3,0.0
35.7,48.8
49.9,87.6
2.3,31.5
34.1,19.3
27.7,0.0
8.6,64.5
6.9,46.5
32.3,49.8
16.6,10.7
44.9,89.2
36.1,73.1
22.9,56.7
39.3,50.2
9.9,64.5
33.5,79.2
34.7,31.8
34.8,60.9
21.1,47.7
12.0,51.9
18.0,30.4
31.4,38.3
14.5,53.2
36.4,92.5
10.2,3.7
21.9,57.6
1.3,78.5
42.7,29.4
13.8,98.3
1.4,43.2
4.4,54.3
5.7,3.8
26.1,76.1
15.3,85.4
47.4,53.0
2.1,16.9
12.8,81.4
37.3,59.4
13.1,33.9
22.0,92.7
41.9,86.1
14.9,16.1
10.2,9.3
38.2,90.9
23.1,40.2
16.5,43.8
22.4,80.9
21.5,81.7
9.4,59.1
43.0,52.8
11.3,87.3
48.8,67.3
49.7,26.9
15.9,21.3
1.9,26.0
1.5,93.8
27.1,10.2
29.6,22.6
12.2,95.3
41.6,42.9
49.8,39.6
19.6,54.5
9.9,60.4
36.0,44.7
19.1,92.9
20.2,67.1
23.9,91.2
35.0,96.6
44.2,62.4
8.3,93.6
38.6,55.1
43.5,20.1
18.5,39.2
44.7,34.5
10.8,20.4
28.6,23.4
37.9,43.1
26.5,82.9
24.0,43.1
23.7,39.0
27.4,87.2
41.5,10.8
42.7,36.0
23.0,63.1
20.0,62.6
17.1,62.0
39.3,89.6
32.7,44.5
26.2,19.0
8.7,80.6
35.4,37.5
11.5,17.9
17.8,17.0
45.6,4.6
19.0,87.1
24.2,45.2
7.5,77.6
19.3,90.1
36.0,76.2
17.3,1.0
46.6,26.3
47.2,59.0
43.0,95.1
22.3,86.1
38.7,8.6
15.1,29.0
12.8,66.7
34.0,17.3
32.0,65.1
37.5,68.4
22.3,41.3
12.5,53.0
7.0,88.9
23.5,1.0
25.4,75.4
36.2,76.3
42.2,16.4
43.7,44.5
21.5,64.0
15.8,40.5
36.1,5.0
13.5,29.3
28.3,19.4
9.8,48.2
4.7,21.3
12.9,7.0
0.5,66.1
28.1,51.9
0.6,41.3
22.4,97.2
24.0,43.6
17.6,2.1
18.1,54.0
22.3,9.1
39.6,23.4
37.1,0.0
16.6,34.6
48.1,39.7
7.1,95.7
48.1,94.7
34.6,98.7
45.7,29.6
24.7,65.4
37.6,18.3
30.1,35.5
21.6,1.7
9.5,34.4
46.1,28.6
34.9,24.9
46.5,2.7
37.3,10.4
34.4,86.1
23.5,25.9
36.8,66.4
34.9,16.5
18.8,5.5
22.5,50.1
13.9,49.3
26.0,5.5
26.3,70.7
39.3,26.3
24.4,43.8
40.0,72.4
40.4,98.8
21.1,67.5
34.9,89.2
1.2,93.4
9.9,58.8
14.9,5.3
41.2,23.5
45.8,8.8
24.1,43.7
48.9,37.7
28.2,69.0
3.2,43.0
38.2,64.2
36.1,22.3
12.0,48.4
30.7,25.0
3.0,74.5
22.5,74.7
12.1,2.3
23.3,48.4
1.4,51.7
15.0,69.0
9.7,46.8
11.5,29.1
39.4,69.8
38.9,5.1
23.0,42.3
7.9,11.8
46.1,99.2
45.5,5.5
8.4,80.2
34.6,71.5
48.6,4.9
49.6,7.9
39.2,17.0
42.3,46.0
48.5,49.3
17.4,4.8
19.4,37.5
11.7,29.5
20.6,43.1
21.6,54.2
35.2,56.4
39.4,63.6
29.3,33.1
41.2,25.0
5.5,41.0
15.7,22.7
41.1,58.6
35.8,14.5
23.7,15.1
25.3,61.9
42.6,31.9
4.0,96.6
3.7,11.0
36.4,54.8
37.8,61.5
32.1,73.8
18.4,15.1
0.5,40.8
12.9,35.6
24.6,45.3
17.3,59.5
17.4,56.0
8.9,12.0
11.2,80.2
32.8,9.0
41.0,26.1
46.2,81.4
34.4,38.5
24.1,82.3
28.0,47.5
30.1,27.5
24.6,49.6
38.3,57.6
42.9,67.2
28.7,30.8
44.3,11.8
32.9,5.3
13.6,25.6
48.5,51.9
39.3,95.4
44.3,92.6
44.5,66.6
39.7,38.2
40.6,55.4
23.0,62.5
46.2,43.6
39.7,1.7
42.5,7.0
5.0,85.2
39.6,60.2
13.0,55.2
11.3,34.8
10.2,70.1
30.1,87.2
27.0,43.2
20.7,96.3
1.8,60.6
29.4,67.5
19.2,82.7
35.0,38.4
38.1,30.4
10.5,95.0
19.1,44.9
16.2,64.1
10.1,20.2
7.7,11.8
36.3,18.4
34.6,33.4
34.9,54.1
23.0,9.3
38.9,94.0
0.6,2.9
10.5,96.1
20.0,18.7
21.3,17.5
34.2,27.3
7.5,40.9
41.9,95.7
17.0,27.6
48.2,75.4
18.8,96.1
33.4,33.9
13.8,29.5
11.8,85.1
45.7,25.5
48.7,84.3
18.3,60.7
30.2,82.2
14.5,18.1
36.9,42.2
2.4,13.6
10.6,2.7
25.8,88.1
48.3,31.6
17.2,73.5
49.6,42.3
28.8,70.7
35.8,81.8
13.5,67.3
37.5,91.5
36.1,54.8
13.6,17.2
9.9,84.2
45.3,54.4
40.2,1.6
33.2,16.0
26.8,54.2
35.2,24.0
37.4,64.2
41.1,39.6
16.4,92.0
25.3,17.8
13.1,55.2
13.3,65.8
44.5,78.5
27.5,61.7
21.4,82.3
34.9,50.1
43.1,4.0
41.3,67.4
48.6,42.2
25.5,32.8
3.4,83.2
44.2,3.3
0.1,47.5
3.5,62.8
42.5,35.4
29.3,80.3
2.0,9.5
45.5,64.6
28.7,24.9
32.6,1.9
23.2,4.8
36.5,71.4
42.2,20.2
18.9,70.7
40.7,14.8
21.1,90.6
20.4,17.8
5.4,43.0
33.3,23.2
32.7,41.5
35.7,92.3
38.3,7.4
11.8,89.5
23.0,76.7
6.5,18.1
4.9,72.4
38.4,49.1
43.2,2.1
5.0,17.1
9.4,80.0
4.8,36.2
40.7,70.3
46.5,68.0
19.7,86.3
49.3,47.9
48.9,34.2
29.7,23.8
15.2,54.1
14.1,65.5
23.8,94.9
37.1,61.1
28.8,63.3
2.4,69.9
6.8,91.7
15.7,8.8
16.4,49.6
2.1,85.4
15.9,35.2
5.4,6.2
7.1,55.6
25.0,59.6
39.0,65.0
10.0,75.5
6.4,52.9
9.3,32.2
36.9,44.5
34.7,23.9
2.9,48.5
39.2,18.1
32.6,23.2
27.1,47.6
27.4,89.8
7.5,48.3
14.9,74.0
46.0,95.1
21.6,21.9
25.6,92.0
22.4,14.5
41.5,92.6
21.5,29.4
28.4,60.8
36.4,99.1
17.4,88.3
40.0,80.4
39.8,83.2
28.3,92.7
20.4,91.0
0.7,2.4
2.3,88.2
24.9,71.8
22.8,38.9
30.4,23.6
44.4,51.9
46.6,77.3
39.5,91.2
32.7,85.8
37.5,35.8
33.1,93.3
37.3,55.7
27.4,26.7
34.0,49.5
47.1,8.8
19.1,50.5
40.4,60.2
45.3,42.3
4.8,94.7
21.3,71.2
41.8,17.9
49.9,49.3
5.0,83.0
47.5,2.8
0.6,88.3
8.8,70.9
8.8,5.0
12.3,8.0
13.8,49.0
16.7,23.1
1.8,96.1
22.2,52.0
42.6,38.3
35.4,33.0
43.3,36.7
40.7,70.8
21.5,3.7
26.0,48.3
46.7,25.2
22.7,71.8
15.8,65.2
24.1,6.0
45.5,67.4
16.4,75.8
17.7,82.5
7.3,60.7
30.6,19.6
33.7,87.6
36.7,47.8
32.0,71.8
6.0,61.9
8.0,64.4
3.4,46.8
13.9,13.8
26.4,76.3
7.2,2.4
1.7,61.5
45.6,38.4
23.9,38.5
30.4,17.8
2.7,95.0
48.7,4.1
11.0,20.6
4.7,23.4
18.1,64.4
37.4,45.5
30.5,73.7
29.8,69.8
24.6,83.7
49.5,44.3
19.7,19.0
11.4,59.1
33.9,12.1
28.6,99.7
14.1,28.9
19.8,34.8
43.4,46.2
33.1,17.0
32.1,11.8
21.1,86.2
18.6,4.3
38.7,88.4
0.7,69.0
20.6,29.7
0.8,21.5
44.6,64.1
19.7,16.5
39.1,86.4
36.0,38.4
18.1,10.0
31.6,9.7
47.5,7.3
12.3,40.0
29.3,14.9
3.7,42.7
2.7,37.3
20.6,12.7
3.5,35.2
20.7,34.4
28.8,98.9
35.4,27.5
48.9,6.7
19.8,75.5
47.6,70.3
34.0,79.9
22.4,25.8
37.8,32.3
11.4,27.5
4.6,70.2
31.8,61.3
5.1,26.3
11.1,59.0
7.9,51.8
11.3,26.7
4.7,43.0
22.4,37.7
40.4,37.2
19.5,35.8
5.9,88.4
33.7,49.1
22.3,88.2
23.4,27.4
48.9,79.6
30.8,9.0
44.9,79.5
12.9,71.2
35.3,96.2
44.2,44.5
2.6,38.9
45.3,87.8
26.4,68.6
30.3,24.9
17.4,7.1
22.4,38.4
46.6,87.0
7.8,20.8
1.3,14.6
8.3,22.1
39.7,94.8
30.5,36.3
45.0,13.7
18.4,30.0
8.5,73.6
33.5,84.6
24.3,94.6
15.2,72.9
48.8,79.7
48.1,76.0
13.7,21.9
46.2,90.8
17.3,23.2
7.9,2.7
31.9,5.1
34.3,56.0
39.7,66.4
32.5,10.4
38.9,54.4
48.8,39.1
15.8,30.7
3.9,61.2
20.0,60.3
44.8,98.5
28.2,42.7
11.5,22.8
9.1,40.6
47.3,57.5
1.1,70.2
0.8,66.9
48.9,34.0
33.1,11.8
2.5,11.0
2.5,82.2
14.7,20.1
47.5,43.1
41.0,57.2
22.1,96.7
6.9,31.2
25.3,74.3
16.7,17.2
23.1,21.0
40.9,45.7
18.8,38.9
35.8,7.5
4.0,7.5
26.4,30.7
20.6,97.7
32.2,96.1
28.1,28.9
27.6,7.5
34.5,36.4
23.8,80.0
20.4,61.0
48.1,97.9
21.7,70.9
9.7,27.3
16.7,80.6
43.9,45.1
14.9,59.2
36.6,66.1
5.2,22.0
5.9,87.5
45.1,51.2
7.9,46.5
16.1,17.8
37.5,21.7
9.4,25.9
24.1,9.8
36.6,1.9
2.4,76.7
21.2,73.8
31.9,37.1
44.0,25.5
48.6,60.6
4.9,19.3
33.1,96.9
27.8,89.1
48.5,47.0
12.2,60.1
44.8,89.6
22.5,49.7
32.8,25.7
47.9,97.7
4.1,7.4
16.1,78.0
35.8,27.9
27.1,96.5
11.7,36.5
29.0,74.7
49.7,64.7
26.9,55.2
18.3,12.8
25.8,78.0
33.0,29.7
14.3,1.1
42.6,13.1
6.1,15.2
15.8,92.8
4.0,38.2
20.6,90.2
8.6,89.9
14.1,31.8
23.7,38.3
21.2,59.2
32.8,60.6
44.4,49.7
30.3,24.9
17.8,89.8
6.5,52.8
37.0,17.8
15.8,78.5
39.3,31.1
46.3,58.6
7.8,39.1
32.4,30.6
14.1,19.8
16.7,9.2
23.7,63.9
13.5,4.8
32.6,13.2
17.7,6.8
32.0,68.1
6.1,35.6
26.2,87.2
39.7,41.8
39.8,55.3
32.0,23.4
29.3,38.6
5.6,97.0
19.6,88.9
11.3,3.4
47.1,34.9
16.1,69.1
8.1,51.4
38.6,71.7
31.3,8.2
43.7,60.8
41.1,24.8
7.2,10.5
9.4,57.0
3.0,28.4
29.8,23.0
25.4,72.9
27.8,9.9
25.2,8.9
26.3,29.9
32.8,76.3
45.3,32.0
6.2,29.1
17.9,43.0
9.7,1.0
4.9,7.7
39.5,71.4
33.9,3.3
20.5,33.7
12.1,0.6
39.0,82.1
41.4,94.1
21.9,71.2
42.0,59.3
6.7,6.2
0.4,68.4
9.5,32.8
21.3,11.0
35.0,50.2
6.1,85.2
37.3,75.9
18.8,5.0
9.3,51.8
22.0,79.4
2.5,52.3
34.3,16.7
42.3,52.0
25.9,83.4
46.7,96.5
44.0,41.3
22.5,76.5
14.7,13.1
0.1,41.3
44.3,46.1
14.4,56.8
16.5,90.9
10.7,38.9
13.0,2.1
22.2,77.8
37.7,91.9
13.5,4.5
27.1,61.1
18.7,84.0
41.9,66.9
40.4,59.2
8.7,73.6
31.0,70.9
20.0,98.0
23.2,24.4
2.3,77.2
31.6,97.8
25.3,48.2
9.5,77.8
47.6,45.6
13.0,49.7
19.4,15.6
10.4,96.1
7.1,40.5
11.1,68.4
37.8,16.1
28.7,21.7
32.6,69.5
19.6,59.5
14.3,50.5
49.4,27.9
27.8,20.1
36.5,98.2
14.3,29.2
26.9,6.0
20.9,59.5
44.3,38.1
20.4,31.2
10.1,1.8
26.3,65.9
28.3,99.6
37.8,77.9
24.3,88.6
9.8,41.4
16.3,81.0
4.4,59.5
24.5,44.6
23.4,98.0
46.9,18.7
21.3,22.7
33.6,84.9
43.3,16.2
13.2,16.1
13.6,19.3
40.4,33.9
24.5,37.3
3.4,62.8
46.9,99.2
26.0,77.7
35.7,84.4
39.2,87.3
48.2,72.8
48.5,82.3
5.2,44.1
45.6,42.8
18.6,1.6
29.6,29.8
49.3,71.7
6.4,59.5
25.7,32.5
30.6,0.4
30.3,98.7
15.9,71.6
26.3,86.2
25.4,47.5
22.9,16.2
23.6,58.2
22.1,80.0
44.2,13.7
9.5,44.0
2.8,83.2
13.9,37.9
48.3,47.5
39.0,77.0
32.0,22.1
43.1,92.6
13.1,38.8
11.5,78.0
13.3,97.8
20.4,25.4
14.8,24.2
46.6,43.7
48.4,21.0
27.2,1.0
42.8,18.5
41.6,99.1
20.1,7.4
13.4,78.0
36.2,22.6
1.0,84.3
46.7,75.5
11.0,28.7
30.6,53.2
45.0,8.4
17.5,66.1
26.6,90.5
36.4,93.7
7.1,81.4
44.9,84.1
20.5,75.6
46.5,77.1
45.7,45.6
19.3,87.0
26.1,18.7
5.9,45.0
2.8,4.0
47.8,56.5
15.9,54.2
1.0,64.5
41.2,43.6
15.5,45.9
32.9,19.5
32.5,92.7
13.1,46.5
46.5,45.4
44.0,88.2
40.8,26.4
45.6,16.3
42.0,76.4
44.9,74.2
0.4,71.2
48.2,90.0
30.2,49.3
47.4,16.2
30.9,60.1
39.6,25.3
0.8,97.3
22.3,47.0
5.6,71.8
40.2,45.9
30.3,5.6
12.8,66.4
28.4,17.3
11.2,69.3
32.6,15.5
35.0,25.6
37.3,8.2
21.3,59.7
24.7,75.8
29.5,15.8
48.9,10.1
42.3,32.9
33.0,62.7
43.2,84.2
40.9,44.1
2.5,12.2
47.9,43.9
6.7,95.3
22.7,30.0
16.5,43.1
13.4,25.5
25.4,46.2
45.0,53.6
25.3,93.4
27.3,84.8
48.7,35.3
6.3,64.6
24.0,50.5
10.4,92.7
0.1,94.2
15.4,38.1
43.7,21.1
5.1,57.8
14.8,30.6
47.3,47.3
7.1,19.4
21.4,15.9
44.4,72.4
29.6,38.4
21.4,12.5
5.9,93.0
14.7,96.9
23.2,69.8
49.7,31.3
47.9,63.0
37.2,52.7
14.8,38.7
6.1,88.7
19.0,29.7
17.9,32.1
11.9,20.0
49.4,7.3
35.2,78.1
46.2,96.7
37.9,75.6
45.6,82.4
24.9,87.7
41.1,37.7
4.3,90.5
37.2,40.5
29.1,98.3
17.3,31.6
36.4,61.4
44.8,4.0
1.8,0.0
17.1,29.4
1.2,10.7
44.2,91.9
47.1,22.1
13.1,68.4
38.6,2.7
27.7,20.2
35.8,91.9
1.4,42.0
28.2,74.5
40.0,47.4
27.6,95.4
36.9,25.6
42.6,67.1
17.2,9.1
44.2,88.4
46.5,75.7
20.6,61.7
39.9,39.1
49.6,90.3
21.7,86.5
32.0,6.0
31.5,55.6
21.4,14.4
29.9,80.9
29.2,47.6
23.7,29.1
9.9,86.8
37.1,7.1
18.4,62.9
3.3,27.0
43.8,17.2
39.9,88.8
4.7,79.7
39.5,10.0
6.0,63.8
21.4,66.1
15.5,93.5
41.6,49.1
16.1,18.1
41.3,70.8
3.6,53.5
25.2,40.9
20.4,63.9
27.9,54.3
43.7,72.7
1.1,36.2
41.8,16.5
49.4,46.9
13.0,74.2
23.0,63.0
17.7,49.8
34.3,94.7
2.4,81.3
49.0,26.4
1.7,25.0
37.4,18.6
40.0,35.8
9.8,34.1
33.3,38.9
23.9,45.6
11.9,24.7
11.2,39.4
30.7,6.5
41.2,14.4
47.3,36.3
11.4,57.9
36.0,19.6
17.6,57.5
42.3,55.8
18.0,59.5
32.9,29.3
25.3,62.5
48.8,83.5
28.0,47.8
48.4,64.7
40.1,87.2
13.1,0.4
19.5,10.7
13.6,29.3
16.5,98.2
49.4,83.6
15.9,67.1
1.0,16.9
23.2,60.4
0.2,62.1
24.6,10.8
1.4,88.3
39.9,94.5
36.9,59.9
20.8,78.0
25.1,34.5
8.8,29.8
28.0,35.7
15.8,71.7
40.2,24.6
15.1,55.3
11.3,37.8
30.3,82.1
48.7,83.5
30.2,80.7
18.4,95.7
23.7,34.7
7.6,69.4
42.1,37.9
10.2,44.5
18.3,67.4
43.8,55.1
23.9,64.3
32.9,1.9
5.5,66.2
42.6,74.8
39.9,75.7
15.9,93.9
44.0,65.0
13.8,97.6
48.5,90.3
49.7,60.8
20.5,54.6
43.5,82.9
7.2,86.6
25.7,93.6
25.5,35.9
43.9,62.8
33.8,67.5
44.9,96.3
8.0,95.5
36.2,94.2
47.7,62.1
7.8,71.7
1.4,21.3
40.6,19.2
5.1,22.8
23.7,46.4
33.9,26.8
7.0,93.2
38.6,83.0
43.7,24.3
7.4,91.7
11.8,43.9
43.9,69.0
13.1,20.6
37.5,31.3
40.7,1.5
8.9,5.2
32.7,78.8
19.4,15.3
40.0,93.1
2.6,32.1
41.7,28.2
44.2,41.4
47.4,40.8
26.6,96.6
9.5,33.1
4.0,48.1
39.7,3.7
19.2,71.8
41.9,33.7
47.5,60.6
22.0,78.8
20.6,46.0
14.3,62.7
30.6,35.2
27.1,61.8
1.4,94.3
9.4,82.6
4.1,95.3
27.7,46.4
37.1,85.4
33.6,78.5
6.1,48.4
46.7,69.6
12.9,61.7
20.1,67.0
15.7,46.3
49.0,44.7
44.0,4.5
43.4,42.4
6.4,32.1
39.7,18.0
21.1,57.3
15.0,13.7
14.6,96.7
47.7,43.1
8.1,37.4
29.7,9.6
46.7,65.5
33.3,92.9
26.2,58.9
18.4,99.6
47.4,87.3
15.1,56.5
48.1,74.2
47.3,3.7
4.2,13.0
16.7,42.1
2.9,49.1
18.1,54.9
9.1,79.7
20.2,29.0
33.1,97.1
25.4,94.1
43.4,88.3
25.6,22.4
18.9,93.9
44.9,53.8
47.5,79.8
11.5,54.9
13.5,73.6
8.6,54.9
1.0,91.7
17.3,3.1
1.9,17.3
1.8,44.2
14.6,11.7
37.3,72.8
9.2,7.8
16.6,97.8
18.2,36.0
34.8,7.9
11.4,72.1
32.9,14.4
11.6,79.6
23.4,26.1
13.0,81.4
13.9,44.5
31.1,85.4
13.4,74.5
31.2,47.6
45.1,69.5
42.3,7.0
46.6,26.1
9.6,16.9
17.6,87.2
23.2,25.2
9.1,90.9
2.0,9.4
16.0,30.0
12.9,20.2
39.9,24.1
35.2,77.5
9.0,47.8
41.9,30.1
5.2,33.0
40.5,58.7
17.6,88.8
22.8,0.1
11.6,15.8
39.4,39.6
47.5,6.2
22.1,59.6
39.8,0.8
31.5,36.9
20.2,52.8
26.7,96.8
24.3,42.1
33.8,66.1
49.5,7.1
44.4,45.3
21.1,89.1
3.1,2.2
3.1,87.6
44.9,29.4
22.5,3.9
43.0,16.1
25.5,86.2
12.5,73.6
39.9,10.7
48.9,17.3
42.4,46.9
44.8,57.7
39.8,84.1
5.0,93.2
10.6,79.6
0.5,16.1
13.4,33.5
48.6,6.0
49.9,42.0
26.6,92.0
5.4,33.5
45.8,36.5
33.3,37.2
22.8,62.4
8.5,93.9
43.1,88.2
4.6,71.5
30.2,95.4
49.7,48.6
11.3,22.1
38.7,96.6
4.1,65.5
1.4,70.0
44.5,17.5
44.4,19.0
36.8,37.8
28.6,5.7
3.2,51.2
27.5,53.0
45.5,42.3
19.1,47.5
38.1,27.2
46.6,12.7
3.4,55.4
36.5,1.9
3.3,51.2
9.6,31.2
7.2,14.3
12.6,26.2
16.8,96.6
24.0,28.2
36.8,97.9
10.1,48.3
15.4,3.5
32.5,9.2
20.1,46.3
28.8,80.2
41.8,30.0
10.1,81.0
36.0,90.1
31.5,33.7
22.2,86.9
6.2,22.5
9.2,26.1
45.6,92.0
13.0,28.8
9.7,94.3
47.1,10.0
36.9,78.2
3.5,44.9
40.9,3.2
45.1,63.7
30.8,60.2
46.8,39.1
23.7,84.4
46.9,44.2
27.0,43.5
16.7,14.3
41.8,86.6
42.7,97.7
14.9,4.8
6.1,73.0
41.6,11.4
13.4,63.2
42.9,73.7
28.0,42.0
37.0,27.1
4.1,59.8
21.7,80.7
12.6,52.2
14.4,79.3
39.3,6.7
49.0,81.7
37.3,75.9
30.4,80.0
13.1,87.3
46.4,9.2
7.5,77.0
45.4,17.2
40.2,50.2
16.6,30.3
26.5,73.7
14.2,51.8
35.1,27.0
17.5,73.5
35.4,2.9
30.6,33.2
34.4,50.5
13.0,5.5
37.4,1.4
18.3,51.0
1.1,5.9
23.7,68.7
24.6,64.7
6.0,31.3
34.4,26.2
0.1,75.1
9.4,98.5
13.0,4.8
39.1,46.3
5.7,47.7
20.3,87.3
4.5,23.3
13.0,59.5
20.2,64.4
25.4,85.4
21.1,79.0
6.7,82.2
14.0,47.2
13.1,59.6
1.2,5.5
7.4,3.8
2.3,44.5
1.3,86.1
7.1,70.3
12.2,21.3
13.6,28.5
44.9,88.9
5.1,14.9
48.3,24.0
21.3,89.6
12.1,47.5
40.2,83.4
41.9,21.2
30.8,36.6
35.2,78.8
39.2,18.6
21.8,6.0
16.3,36.8
41.3,64.6
10.3,39.9
22.6,70.1
20.0,29.5
29.0,13.7
44.5,24.5
35.9,13.0
25.2,2.2
8.5,12.8
40.6,67.3
11.6,21.2
30.3,81.5
12.2,77.7
49.9,45.5
21.4,8.6
42.4,83.8
28.0,73.4
16.1,32.1
1.7,2.7
22.2,54.1
3.7,50.9
12.6,70.1
16.0,37.0
32.3,57.3
14.1,76.1
0.8,30.8
12.4,65.4
6.7,61.4
1.9,39.1
7.7,67.4
35.1,94.4
43.3,49.5
14.4,5.3
34.1,98.5
40.3,18.3
49.4,14.2
34.1,27.1
29.8,72.3
47.9,90.5
24.7,87.3
6.5,42.5
8.6,66.6
3.4,54.0
29.5,90.7
29.9,70.8
14.1,64.3
43.6,77.0
41.9,13.1
32.1,75.6
20.6,26.7
34.3,66.0
38.2,9.9
38.6,87.3
31.2,97.6
2.8,41.1
32.7,13.3
44.8,28.0
27.1,27.7
38.5,19.9
21.3,74.8
23.1,77.5
19.3,9.9
45.0,34.4
13.4,91.3
21.6,46.6
4.0,20.2
24.6,22.7
9.3,47.0
32.9,7.2
44.6,19.5
45.7,61.3
42.5,18.7
2.6,14.8
37.3,59.2
11.3,56.0
17.9,44.3
16.5,66.3
40.2,91.1
13.6,66.6
9.9,42.8
30.2,71.1
27.1,58.9
16.5,45.2
32.0,66.9
4.7,7.2
30.8,69.9
15.3,23.0
41.6,84.9
46.1,19.9
2.2,75.3
29.8,67.6
34.2,87.2
5.3,63.6
43.5,82.9
21.1,27.4
9.8,99.3
43.7,46.4
29.5,20.4
3.4,26.2
42.7,60.1
25.3,7.7
24.9,15.5
47.1,66.0
6.8,10.0
41.5,95.4
49.3,7.4
31.0,44.5
41.5,92.8
1.2,67.1
24.1,69.5
29.0,81.1
12.2,81.9
43.7,62.4
41.2,84.2
31.9,62.8
38.9,66.1
17.2,44.4
12.2,51.9
8.8,52.9
46.4,44.6
24.9,77.1
49.9,46.8
14.3,12.2
18.6,42.9
31.6,66.2
8.9,39.8
38.9,16.0
1.0,69.6
41.6,67.9
14.0,31.8
41.7,29.4
23.0,20.2
8.7,32.6
36.4,17.6
9.9,31.1
37.5,49.5
37.0,3.6
9.7,80.9
40.6,77.7
26.6,75.2
12.5,39.5
10.4,97.7
22.4,38.1
44.0,18.4
21.2,54.8
34.3,49.8
12.4,61.0
30.5,20.5
15.4,79.6
14.6,96.0
19.6,19.6
11.4,32.1
45.5,68.3
32.8,74.2
48.2,21.0
44.2,5.4
7.3,52.8
3.3,44.0
4.2,48.4
37.6,79.3
22.2,54.5
37.6,65.0
31.1,25.2
12.3,13.0
21.3,99.0
25.0,1.5
24.1,57.2
17.9,5.5
8.2,88.7
3.3,76.6
36.1,13.9
10.9,21.3
33.2,63.2
17.5,72.0
27.2,16.9
6.0,82.5
2.2,49.9
25.7,84.7
22.1,57.8
34.9,65.7
21.8,52.6
15.8,97.4
35.5,86.8
28.5,57.4
8.4,1.0
13.7,19.7
20.9,98.5
3.4,30.5
16.2,53.8
49.3,99.0
45.0,52.6
29.3,25.6
43.4,67.5
48.5,98.3
2.8,51.1
30.6,58.6
9.4,40.8
16.5,19.7
41.1,24.5
25.1,79.5
3.0,77.7
27.5,53.3
44.7,92.2
20.3,5.8
21.4,21.0
26.0,90.5
29.6,70.7
37.8,91.0
47.0,5.9
5.2,3.4
44.8,58.7
25.8,65.7
19.9,68.8
0.3,1.0
32.7,87.2
24.1,8.0
1.7,19.0
46.4,12.3
48.7,5.2
18.0,94.7
13.4,91.2
27.7,84.6
49.4,70.6
49.7,48.2
32.5,42.0
12.8,76.2
7.0,46.9
44.9,47.4
13.0,89.4
6.7,20.6
45.7,39.6
20.1,55.7
36.3,44.1
43.5,40.2
38.9,63.3
46.7,88.7
34.9,15.7
38.3,98.5
1.6,67.0
33.3,69.2
34.7,52.5
17.9,23.5
30.7,72.0
46.9,56.5
14.6,45.4
43.1,7.9
45.9,15.5
1.6,87.2
25.4,99.6
5.9,54.8
41.7,59.1
35.2,1.8
24.2,37.0
3.2,98.3
35.1,91.2
22.0,58.9
11.3,44.2
25.6,38.9
1.8,16.8
47.1,0.7
25.1,30.5
5.5,32.3
38.4,85.6
48.4,54.2
6.2,89.4
23.8,3.6
27.5,11.8
42.8,10.2
41.0,34.0
37.5,24.4
32.7,95.6
43.1,37.9
0.6,27.3
42.6,47.5
32.1,64.2
41.7,34.0
2.6,11.1
2.3,52.9
24.0,38.0
12.4,62.8
20.0,52.1
42.8,80.8
21.8,40.4
1.8,10.8
29.2,41.0
28.3,69.7
20.8,69.8
17.5,54.6
22.1,73.0
15.5,49.6
0.1,49.2
44.9,48.2
2.9,13.6
49.1,44.0
3.6,32.7
31.0,44.1
4.6,12.2
42.1,13.4
4.9,5.3
47.1,60.8
11.8,74.4
44.5,23.2
3.7,13.7
46.1,35.5
38.0,50.0
4.2,75.0
3.4,75.2
31.2,90.8
31.0,37.5
37.4,29.9
21.0,59.7
1.7,25.7
39.4,12.6
30.2,29.4
42.7,21.7
22.3,38.9
39.3,70.2
12.9,25.9
30.1,66.6
20.3,92.2
10.6,62.7
33.9,57.2
12.1,87.0
18.5,33.9
24.9,93.3
25.6,72.2
15.2,64.3
9.3,63.8
35.4,63.3
22.1,94.8
26.6,62.8
25.0,54.3
2.6,69.5
48.1,36.7
24.6,36.4
15.3,95.5
48.3,82.6
4.3,79.4
45.9,46.3
0.7,91.9
37.7,26.5
39.8,92.1
35.2,72.5
4.2,14.4
25.7,62.1
27.5,96.9
11.1,45.9
19.4,58.4
6.3,13.6
26.0,54.6
45.3,0.4
42.3,13.3
31.3,55.7
37.7,47.7
27.8,39.1
36.0,24.5
30.8,52.4
9.6,26.7
41.5,57.8
41.9,32.7
30.5,81.8
42.5,87.0
40.6,33.7
36.5,50.8
21.8,50.2
33.3,78.2
47.1,46.9
0.6,75.0
20.8,66.3
14.7,14.7
48.4,60.7
29.4,12.3
45.0,30.5
17.5,69.9
13.2,12.2
37.6,54.8
14.8,19.2
46.7,8.8
7.6,97.6
15.9,28.9
41.2,24.6
2.0,5.3
36.2,93.8
15.1,14.8
25.6,44.3
42.4,16.8
14.2,69.1
17.8,0.3
11.5,72.7
48.5,50.8
49.3,3.2
12.1,31.3
37.5,11.9
24.2,75.0
26.6,92.3
29.8,44.1
17.1,0.5
16.0,72.2
28.3,53.4
19.9,96.2
0.1,20.3
9.3,82.2
13.6,58.3
13.2,60.6
41.7,93.1
42.9,42.4
0.3,81.0
15.1,79.3
0.1,72.7
15.1,60.4
22.6,55.2
30.7,58.8
42.2,40.7
41.2,27.9
18.4,63.4
21.8,69.5
16.4,0.7
25.2,78.2
42.2,42.0
2.0,16.6
42.7,87.8
45.7,60.1
3.2,17.2
21.7,53.2
35.0,52.8
35.9,83.8
11.5,79.4
25.4,45.0
29.4,59.8
48.8,86.5
37.9,98.4
11.8,20.0
24.7,16.2
4.8,99.8
15.2,52.0
47.4,58.3
34.3,13.6
37.4,57.5
31.8,1.2
26.1,67.2
48.6,29.1
28.8,84.0
45.7,59.8
23.1,53.3
24.9,5.5
9.6,24.5
22.1,17.4
20.3,87.0
32.0,71.4
5.3,90.3
3.8,43.6
11.3,18.1
28.9,13.5
7.5,9.5
2.2,93.2
40.6,57.6
3.8,30.4
44.6,46.7
20.3,39.6
14.2,89.6
34.9,56.2
24.9,24.9
16.3,70.2
7.0,51.3
36.4,87.8
46.6,92.3
45.2,61.9
29.8,53.6
3.2,39.6
13.0,78.0
22.3,36.8
24.4,56.6
12.1,61.7
8.4,13.8
14.0,94.0
23.1,24.5
21.4,21.1
10.2,51.3
46.8,97.8
42.7,87.7
49.7,63.8
18.3,16.6
49.9,88.8
33.5,45.6
35.4,35.7
20.1,1.1
6.7,50.4
22.4,33.0
3.7,93.2
0.3,70.9
26.6,0.1
11.6,78.8
20.7,68.8
24.7,69.4
20.7,8.2
29.9,8.6
27.0,38.3
39.2,80.8
0.1,32.2
28.3,35.4
47.2,71.3
21.4,92.3
26.8,45.1
5.4,92.4
38.0,87.4
21.9,0.5
48.6,14.4
17.2,99.3
20.3,57.7
37.5,31.0
19.7,97.7
2.0,62.5
37.9,31.6
23.5,75.1
36.0,64.1
16.4,75.1
18.2,65.1
38.2,81.9
28.5,30.8
12.5,96.4
28.9,57.0
46.6,54.1
32.2,59.2
5.7,39.6
1.9,79.1
20.0,42.5
28.6,25.7
48.0,96.7
33.6,80.4
8.2,22.1
49.0,35.7
10.1,12.0
27.3,68.7
32.0,32.0
19.0,52.5
21.0,9.8
16.2,78.5
36.5,82.3
2.2,50.0
49.0,16.6
10.1,7.3
35.6,92.8
11.9,90.3
8.9,10.6
34.5,79.6
7.3,76.7
7.1,3.0
49.1,22.1
18.3,81.1
49.7,95.6
47.5,79.3
0.8,51.3
18.5,30.3
4.9,78.6
26.3,13.6
46.1,17.2
41.1,99.8
0.9,90.8
32.2,27.5
44.0,64.3
25.4,53.4
31.5,58.3
18.9,65.3
47.7,29.5
40.1,50.9
22.8,23.3
25.2,2.4
10.7,40.8
2.8,19.8
27.9,93.6
40.1,39.2
29.0,55.3
43.7,97.4
47.2,14.4
0.5,7.4
28.7,9.1
46.5,35.1
22.4,41.6
8.1,43.2
6.7,71.6
17.3,80.4
49.1,1.6
33.9,68.8
33.3,79.8
39.1,61.0
42.5,44.6
35.8,94.4
41.9,11.5
47.7,7.6
35.4,40.4
35.4,81.1
14.1,72.8
46.6,36.6
15.1,15.3
28.8,79.8
12.2,62.5
3.1,84.2
29.4,99.9
20.4,56.3
43.7,18.5
15.3,14.6
18.0,40.1
11.1,12.8
18.7,98.6
25.6,33.3
23.1,8.7
36.1,73.0
0.3,53.6
26.0,25.5
4.1,31.3
19.3,51.3
11.0,98.5
18.2,22.5
19.1,87.4
17.7,83.9
35.3,39.0
10.1,52.4
4.8,56.2
22.5,88.2
25.2,80.5
49.5,31.6
32.0,24.2
16.7,15.7
45.1,33.3
41.7,5.2
23.9,15.3
24.0,56.0
39.9,79.3
46.2,37.4
1.7,99.8
37.2,50.0
31.5,67.2
31.3,7.2
44.2,19.7
31.6,44.4
4.2,63.7
37.5,27.7
16.0,6.9
43.6,97.9
32.4,20.7
16.1,5.0
1.9,30.3
18.0,55.2
45.5,64.1
36.2,30.4
31.8,7.6
42.3,50.6
2.9,49.1
34.3,96.8
30.7,26.3
13.6,70.5
35.0,39.0
48.3,84.1
20.1,20.2
11.9,72.9
46.0,94.5
36.2,82.8
33.7,69.5
23.0,32.6
15.6,7.4
8.1,24.3
23.5,32.8
40.3,0.8
39.5,24.3
10.9,83.0
19.1,90.4
18.1,38.6
46.7,61.6
17.4,64.7
16.8,51.8
7.4,70.7
20.1,99.6
19.2,69.1
17.5,1.8
41.5,36.4
1.4,35.9
32.8,54.1
5.0,2.9
11.7,37.2
29.1,95.8
2.5,15.9
49.2,40.7
17.3,1.5
29.1,33.8
44.6,5.8
17.2,81.3
49.5,79.3
46.2,45.4
41.9,47.5
47.2,11.5
32.8,77.1
20.6,85.3
40.0,2.3
12.4,82.1
14.2,90.5
19.1,97.7
3.1,37.7
23.3,98.9
36.1,99.5
32.4,36.8
5.4,1.3
6.2,77.2
0.9,21.5
18.4,86.2
30.8,64.6
9.4,75.9
21.4,46.8
15.0,27.9
37.3,13.0
30.3,32.3
38.3,76.1
2.6,98.7
33.8,36.8
37.5,61.2
16.2,93.5
36.6,84.4
41.2,57.5
0.3,64.4
32.3,64.0
41.7,58.5
32.7,38.5
10.2,63.8
35.7,62.3
27.4,59.5
3.8,18.8
12.1,59.2
19.4,32.6
30.0,34.7
48.0,13.7
4.8,64.9
23.2,75.6
26.8,68.0
45.7,34.5
46.6,85.2
23.1,65.6
31.6,10.6
14.7,2.1
33.4,38.2
27.7,41.4
13.6,5.2
40.9,15.5
26.8,13.7
34.6,14.0
22.7,49.8
48.7,65.8
34.2,50.8
27.1,18.5
6.0,89.8
42.4,52.5
36.2,36.9
34.4,69.6
6.6,41.9
27.7,13.6
14.8,36.8
32.9,21.8
39.6,54.5
43.2,4.3
41.5,31.0
11.0,39.9
49.3,77.4
44.5,43.5
43.8,80.4
48.6,12.4
28.1,10.9
45.0,77.0
26.6,3.0
34.4,90.3
18.1,12.2
1.1,11.6
29.1,55.6
42.1,8.6
42.0,75.7
43.2,13.8
32.1,50.0
17.7,80.9
33.9,44.8
26.8,95.0
23.9,25.4
41.0,32.8
22.3,42.9
28.6,18.7
23.3,88.7
34.2,76.2
42.8,96.1
34.0,70.7
14.3,10.3
40.8,43.1
46.5,80.4
29.7,11.9
46.9,83.4
24.0,6.2
37.7,9.1
4.5,8.5
24.6,73.9
21.2,10.9
15.1,69.3
33.4,15.2
49.1,65.5
30.9,95.2
3.6,10.3
14.0,68.1
41.0,64.7
26.0,57.4
31.6,10.6
0.9,67.4
32.9,70.0
19.5,61.2
47.4,51.0
21.6,37.5
39.8,59.9
13.4,11.6
26.8,57.0
20.2,59.3
21.7,66.3
22.4,27.5
9.2,64.2
2.2,83.4
27.6,79.9
12.1,10.6
28.4,51.7
22.6,38.6
36.0,75.0
22.4,60.1
15.1,5.6
10.2,47.2
11.1,24.4
7.8,47.4
41.7,16.5
7.2,24.9
12.1,92.7
6.9,96.8
32.9,74.4
24.4,1.7
32.7,55.5
3.0,14.8
13.3,32.6
40.3,27.8
7.3,88.2
19.8,78.5
6.0,80.2
14.5,37.8
22.9,97.5
2.6,94.0
24.2,57.1
49.9,38.7
32.7,99.3
43.1,64.1
18.8,48.4
36.4,97.5
13.0,43.2
47.3,74.7
49.7,5.5
10.2,89.5
21.8,87.7
16.4,95.2
38.4,35.9
6.4,44.0
31.8,76.0
25.4,68.2
34.5,54.9
26.5,8.4
27.8,67.2
24.7,27.4
23.1,16.4
45.0,66.1
7.6,42.0
26.2,68.8
42.8,54.2
19.1,40.3
38.5,15.6
25.1,60.8
12.1,4.7
30.9,29.4
43.2,42.2
0.2,61.6
48.8,4.6
14.1,71.1
45.0,86.2
9.5,32.2
28.0,93.0
21.6,27.3
48.8,66.6
39.9,34.7
41.7,43.9
29.1,9.5
18.8,10.4
45.5,53.5
2.3,92.3
42.0,50.8
2.6,19.9
20.4,4.0
8.0,28.4
34.2,10.7
6.8,81.3
39.4,99.4
17.5,6.0
42.1,84.1
36.1,22.8
31.5,57.6
12.4,27.2
22.9,42.5
41.9,90.9
11.9,87.1
6.7,74.8
33.1,97.6
1.0,68.2
13.4,36.1
26.0,39.1
5.6,69.1
49.0,69.0
10.5,2.1
32.5,58.9
37.1,31.7
13.1,6.9
40.5,81.8
14.5,26.4
12.9,78.1
36.9,98.3
10.0,25.1
2.2,81.3
48.6,38.8
7.4,81.1
48.6,66.8
39.5,48.0
16.0,33.2
5.8,93.9
29.7,55.8
3.0,43.8
38.7,24.9
8.2,92.1
30.4,6.5
46.8,84.5
34.2,75.6
21.1,48.7
31.1,53.7
9.5,86.1
32.3,16.7
35.9,82.1
43.5,83.9
30.8,7.5
26.3,78.1
37.4,47.9
35.1,35.1
33.5,70.1
35.9,30.1
10.3,95.2
4.3,12.3
10.2,90.6
22.5,30.4
6.3,21.5
12.2,30.3
42.9,78.2
7.0,25.4
14.6,42.7
41.9,24.0
28.3,93.6
31.6,8.9
19.7,82.7
15.7,45.7
7.1,33.3
4.3,72.1
38.3,32.0
16.4,23.8
38.7,52.3
48.1,81.1
18.4,56.6
35.6,40.1
41.4,22.3
46.1,96.7
16.8,44.7
2.9,24.2
43.0,47.9
36.7,27.1
16.0,99.6
36.4,37.7
29.5,99.4
8.0,79.2
6.4,52.3
26.7,53.7
22.6,90.3
23.9,76.9
23.2,2.8
43.5,99.9
11.1,23.0
12.9,17.2
45.2,34.8
5.9,69.5
13.7,84.3
43.0,28.8
29.3,5.7
45.9,77.8
39.7,58.5
11.0,37.5
20.2,92.0
13.5,30.5
34.3,38.5
25.7,43.3
48.4,28.8
38.9,83.2
30.4,73.4
2.4,8.9
36.8,55.5
23.6,24.2
43.7,46.6
25.8,28.5
33.1,24.7
47.5,39.4
49.2,70.1
48.7,87.8
40.3,49.4
29.7,30.3
47.9,95.4
24.2,51.8
41.6,68.6
36.3,98.6
3.2,2.7
33.9,85.1
0.4,82.8
2.0,23.9
5.5,97.7
25.0,93.8
20.1,98.6
32.1,44.0
21.7,12.0
22.3,26.6
15.6,89.9
1.2,11.4
6.9,74.5
6.5,78.2
3.5,95.5
20.4,18.8
36.9,53.0
11.0,63.5
28.4,9.9
19.2,15.6
32.9,73.5
38.3,82.9
49.7,65.6
45.0,97.2
15.5,4.4
4.1,71.3
11.9,46.0
33.6,16.5
0.1,56.3
35.6,26.4
34.9,25.8
8.3,15.6
28.4,31.1
9.9,87.1
38.2,0.6
43.5,33.4
36.7,29.0
30.3,57.7
6.6,19.5
6.0,48.3
42.2,15.7
23.5,2.6
43.5,69.6
47.5,27.9
42.8,5.5
31.6,0.5
19.3,12.1
22.9,40.0
28.3,60.9
13.0,68.2
22.8,2.9
10.3,30.4
8.6,74.9
48.9,94.7
42.6,9.5
1.6,80.6
22.1,22.8
20.9,54.0
39.4,14.1
14.2,87.1
18.0,91.9
0.7,71.0
18.6,86.6
47.3,61.3
41.6,20.6
0.5,52.3
46.6,43.7
1.3,81.5
47.5,16.6
42.6,12.2
35.8,0.3
21.2,76.2
1.1,82.6
28.0,15.8
35.0,91.7
30.6,42.6
16.1,38.9
16.0,53.7
0.7,49.5
46.5,30.7
40.0,36.4
5.7,64.7
4.2,50.8
43.6,0.6
10.1,60.4
29.4,62.2
14.3,16.3
7.7,35.7
24.7,25.2
34.3,54.7
15.2,78.8
45.6,91.5
29.6,58.3
9.9,54.3
5.8,48.9
40.0,45.5
11.7,54.6
16.0,35.2
44.4,77.8
33.8,51.4
47.6,55.5
47.8,9.6
16.3,99.0
6.9,16.0
11.7,96.3
2.1,76.2
40.4,38.3
0.1,1.2
22.6,19.9
2.7,50.1
15.4,32.9
44.4,71.3
40.1,13.4
19.3,74.1
42.1,80.1
23.4,71.6
28.7,17.3
29.7,74.9
41.5,81.5
29.3,60.2
22.2,3.9
15.3,15.2
22.3,3.8
32.3,85.1
27.2,30.7
45.0,68.9
36.1,17.5
10.2,62.3
33.2,24.3
14.6,19.3
30.1,39.7
15.8,43.4
24.7,32.6
9.3,63.5
39.4,25.2
9.0,63.6
30.5,45.1
2.8,27.0
1.0,73.7
13.3,76.5
24.3,53.5
9.8,53.5
45.0,77.9
49.6,39.9
48.4,97.0
4.2,58.8
26.1,39.4
49.9,4.6
36.1,87.2
32.8,11.9
42.5,1.1
3.0,29.1
6.3,26.3
3.9,27.2
5.9,93.3
30.1,92.7
48.8,52.7
35.2,6.7
10.0,78.1
26.7,71.5
16.7,78.8
33.3,81.8
8.4,59.2
5.6,21.7
22.6,1.0
27.4,14.8
3.9,14.7
45.7,47.6
23.7,90.4
20.4,63.6
35.0,71.9
14.0,3.5
18.4,15.6
30.5,99.5
34.4,93.2
42.2,94.1
16.9,94.2
39.2,6.2
17.2,24.2
6.1,53.4
7.4,86.1
41.0,10.8
19.2,45.3
42.4,82.8
30.5,22.9
29.6,29.6
18.6,89.7
0.7,61.4
25.3,63.1
22.5,1.2
49.0,11.8
26.4,52.0
8.2,60.6
40.4,13.7
18.1,85.2
6.5,23.1
39.0,87.3
24.3,83.9
44.9,17.2
32.4,91.5
15.3,78.3
19.1,45.8
16.9,54.9
28.4,44.1
46.3,17.0
27.7,71.3
39.6,11.0
27.7,3.1
16.6,30.0
47.1,77.8
32.1,71.1
23.2,75.9
4.9,36.1
25.7,49.8
20.4,17.5
35.7,33.4
49.0,53.4
35.2,19.7
36.7,7.0
9.0,61.5
1.9,36.8
10.4,19.3
14.8,41.8
21.9,67.1
15.9,45.5
25.3,59.8
11.4,87.1
13.5,59.6
15.8,62.4
18.0,97.6
1.7,7.0
1.5,75.1
22.7,22.0
36.5,25.7
20.2,35.6
14.8,26.2
5.9,32.8
37.0,27.5
25.0,27.2
23.0,68.0
46.1,84.3
8.9,95.4
33.4,11.6
5.3,11.0
13.1,10.8
43.9,10.9
35.5,20.4
29.0,96.7
16.8,45.8
36.9,7.7
34.3,18.0
13.2,96.2
7.9,24.4
23.9,89.9
6.5,99.6
4.7,4.5
8.1,68.0
2.6,19.1
44.5,7.7
4.0,33.7
5.6,62.1
49.7,29.7
23.8,18.7
27.6,91.4
37.3,77.2
46.9,4.2
26.6,38.4
49.6,74.2
28.8,21.5
39.8,42.5
31.8,20.6
48.9,26.6
0.6,83.4
47.3,2.9
7.5,38.8
3.8,25.8
18.8,40.1
48.1,6.5
9.3,96.8
24.2,97.0
34.5,56.4
7.6,35.8
2.8,5.2
25.5,77.8
34.3,31.0
30.6,67.5
14.0,65.6
35.0,90.7
32.1,72.7
14.1,64.2
12.0,52.2
38.1,35.8
34.8,68.0
33.3,13.2
21.0,92.8
27.8,60.9
36.5,82.5
36.6,7.3
2.7,62.0
10.4,96.1
16.1,16.7
17.1,84.0
38.7,40.0
48.8,72.0
35.0,5.6
21.1,45.8
34.2,84.2
36.4,16.9
40.0,79.3
33.1,37.6
19.2,37.8
17.8,75.8
37.7,0.4
47.2,45.5
46.1,62.6
42.6,2.1
25.9,32.2
15.9,7.3
8.9,92.3
29.1,29.5
35.1,94.6
21.5,36.5
25.2,9.7
46.2,88.8
4.8,56.4
13.6,26.1
47.8,83.2
28.7,94.5
40.5,58.5
4.2,77.0
22.7,52.1
39.8,7.4
10.1,40.1
46.9,36.1
26.1,65.4
49.5,87.6
10.4,36.7
33.6,43.9
47.3,99.1
12.6,65.6
3.9,5.7
17.9,35.8
17.7,59.1
3.2,68.5
37.3,37.4
13.1,59.3
41.8,81.3
41.9,18.2
7.4,35.7
8.0,10.4
7.9,56.3
18.2,44.2
28.7,39.6
2.6,59.0
8.0,13.6
49.9,81.9
16.6,42.9
34.5,39.8
8.1,43.8
36.0,61.2
16.8,25.4
30.7,14.8
19.5,39.6
1.9,39.5
26.3,49.0
14.5,58.8
41.4,14.8
24.9,51.5
34.5,91.5
39.2,95.8
26.9,47.4
26.2,61.0
18.7,44.3
13.0,40.8
6.0,44.1
0.9,71.0
31.8,54.9
38.3,90.4
47.4,21.6
2.5,17.7
17.8,65.6
3.1,67.0
42.3,41.0
49.4,18.4
46.5,17.6
35.3,24.7
32.7,76.2
3.6,86.2
36.4,0.4
38.6,94.7
6.7,63.0
13.7,8.5
23.5,57.9
47.5,28.0
19.0,59.4
28.3,47.5
43.2,60.6
30.0,88.2
20.5,85.5
38.2,96.4
22.7,7.6
23.8,94.5
36.7,77.2
2.8,87.5
23.7,90.5
8.7,94.4
22.1,10.3
2.1,72.6
19.1,97.6
9.9,26.6
22.9,70.8
40.2,33.6
30.5,23.1
19.1,4.7
8.0,19.1
22.5,87.3
11.9,80.9
24.6,5.9
7.6,32.8
17.5,69.7
26.1,7.5
40.2,47.4
20.9,62.1
1.6,76.0
28.2,87.3
25.0,43.4
32.7,49.7
25.2,74.5
13.5,14.0
16.7,50.3
19.5,0.8
35.7,28.4
22.7,30.1
35.2,63.3
30.5,98.3
28.6,5.3
31.2,50.2
37.1,38.4
45.2,32.9
45.8,98.8
9.8,62.1
24.1,28.7
34.5,1.5
10.8,74.2
15.2,74.6
39.3,1.2
49.6,84.7
15.3,51.4
18.0,51.9
0.9,11.6
45.8,39.9
7.4,58.0
15.0,44.6
40.4,15.2
37.7,12.0
42.0,94.2
11.1,34.7
15.2,76.8
26.2,42.6
29.6,43.9
4.1,96.2
16.4,86.4
9.8,56.1
3.0,77.8
9.7,22.8
1.1,38.4
15.5,80.0
3.5,79.8
23.5,90.2
49.3,24.4
10.3,6.5
49.3,18.4
45.2,84.5
39.4,64.6
27.0,53.8
49.4,93.4
46.2,58.0
1.6,95.4
3.5,28.5
19.2,73.8
19.3,3.0
47.8,52.5
4.8,45.7
31.5,42.1
13.8,50.7
14.8,62.2
21.9,34.9
11.6,1.8
48.7,14.3
47.9,35.1
38.5,41.3
11.8,65.7
11.9,8.9
22.9,72.9
38.3,11.5
36.3,18.5
25.9,24.8
42.9,17.6
5.4,46.1
4.3,44.7
10.6,36.8
18.5,3.3
12.0,36.7
24.7,57.6
17.4,1.4
49.0,92.7
16.3,3.3
48.3,97.2
39.6,29.9
14.3,0.7
49.9,90.2
32.6,16.0
39.0,11.1
5.1,19.1
24.5,5.6
45.5,51.2
2.7,51.1
6.9,40.3
2.1,20.3
20.8,87.1
29.7,88.1
19.0,75.3
6.7,79.8
42.9,48.4
14.0,88.6
19.1,80.8
8.7,8.0
22.4,31.0
35.7,20.9
12.6,12.9
13.1,30.3
4.3,29.1
5.1,46.7
43.5,81.5
44.7,56.3
46.4,59.0
44.1,41.5
20.6,11.7
26.0,90.0
1.2,98.2
12.6,61.9
45.4,60.4
33.7,10.1
16.8,97.5
3.1,82.7
34.4,83.4
47.5,28.6
30.3,29.1
39.7,8.9
32.4,66.8
46.3,4.3
29.4,71.7
47.8,79.1
46.2,75.9
33.3,33.1
39.5,81.4
9.2,26.9
43.8,64.4
19.6,48.2
30.8,0.2
6.4,89.6
37.6,6.8
43.7,9.4
31.9,59.6
40.3,12.1
16.0,43.0
12.5,35.6
2.8,20.9
1.4,19.1
32.3,88.2
8.8,57.8
15.4,73.0
1.8,87.4
32.4,68.1
20.4,96.3
44.8,31.3
23.6,64.7
26.9,3.0
14.4,52.1
42.1,86.3
7.6,32.9
47.6,54.5
0.5,35.9
28.1,82.8
10.6,66.8
30.7,20.1
41.7,73.5
41.3,55.1
29.3,2.3
1.5,99.9
22.2,95.7
9.3,84.4
11.1,0.8
47.9,60.2
40.8,2.5
45.9,50.7
17.4,78.2
36.4,84.6
31.2,76.2
35.9,67.7
15.5,82.0
23.4,74.1
17.4,69.5
23.8,73.7
41.0,98.6
22.1,26.6
24.5,84.2
20.9,19.4
7.0,10.8
16.0,0.1
20.0,96.0
0.5,18.7
37.4,10.7
42.6,5.3
0.2,97.9
46.2,82.5
15.1,35.4
34.4,62.5
24.4,44.6
24.7,52.8
26.5,22.1
39.0,83.1
29.1,65.3
0.8,50.6
18.1,53.5
35.2,51.7
22.0,71.8
13.7,35.0
40.4,28.1
49.6,24.1
42.1,42.4
36.5,84.2
3.0,61.7
48.1,13.5
7.7,79.3
35.3,69.5
30.6,79.3
23.5,17.9
8.9,18.0
30.2,9.5
4.4,34.6
34.4,47.0
13.7,40.8
19.2,58.5
3.9,33.8
40.8,20.7
22.6,25.4
34.2,10.6
24.4,93.8
38.5,96.5
34.5,88.2
17.6,57.0
41.4,0.9
45.2,64.6
12.3,9.5
8.5,62.8
33.8,89.7
7.5,49.6
36.7,26.1
28.4,65.2
11.6,37.7
2.8,81.5
48.8,49.8
12.1,35.7
5.4,36.4
34.5,24.0
20.4,63.9
20.2,20.7
49.7,11.9
32.0,26.4
25.1,73.7
16.9,98.2
8.4,18.7
26.5,55.5
5.1,18.9
18.5,22.7
18.5,11.7
36.6,31.2
41.2,53.6
29.6,33.0
38.3,54.8
26.9,88.2
20.2,93.0
10.9,3.7
24.6,94.4
25.0,61.6
31.0,30.3
7.4,49.5
1.9,7.5
32.3,78.9
48.3,68.6
12.7,91.9
49.6,46.3
43.5,29.2
45.3,9.2
19.1,45.7
26.2,31.0
24.8,95.4
9.9,45.5
28.8,23.8
48.4,49.3
3.1,15.7
34.3,75.5
30.3,6.6
48.3,23.7
13.6,74.9
44.4,80.3
18.1,8.0
14.6,61.9
44.4,94.2
2.9,92.6
6.5,40.0
28.1,4.4
4.5,31.0
40.3,19.5
14.8,58.3
24.9,40.9
40.9,47.4
31.2,9.6
11.5,23.8
42.8,80.3
16.2,66.9
40.9,63.3
28.4,72.2
47.3,41.7
33.0,57.9
28.3,63.4
8.9,4.2
18.1,66.1
29.7,64.2
33.2,29.5
13.0,77.2
47.0,68.8
12.5,48.0
49.2,88.7
22.8,19.6
19.3,65.0
4.2,25.6
30.1,46.1
29.0,92.9
23.8,36.8
18.1,38.8
26.6,71.6
0.8,86.3
11.5,77.7
5.6,96.2
25.0,58.9
28.6,56.0
27.1,55.1
36.3,13.0
19.0,8.7
36.8,5.9
48.0,46.4
9.5,91.6
27.4,92.1
22.0,90.0
4.0,66.6
8.3,29.7
46.6,87.1
11.9,22.4
33.6,38.8
12.4,20.7
38.7,49.3
34.7,79.8
3.8,52.4
35.6,5.0
36.6,45.1
27.3,38.8
31.5,30.2
21.3,6.9
26.2,10.0
15.6,30.9
16.8,21.1
44.1,83.4
21.1,27.6
31.3,67.0
15.6,50.3
22.9,99.3
41.9,53.0
14.2,46.7
38.4,39.3
41.9,2.5
10.3,39.0
8.3,62.8
5.9,77.7
33.3,63.0
22.2,16.9
34.9,57.1
3.7,93.9
43.5,56.3
30.5,86.1
18.7,80.0
44.8,4.2
36.8,23.0
49.6,55.3
27.4,9.9
0.9,95.9
14.9,13.2
13.0,28.7
5.1,94.6
2.2,25.3
35.7,64.5
30.4,99.7
11.3,14.3
40.1,88.6
45.9,89.9
33.0,72.0
42.8,90.8
0.8,3.9
6.4,16.4
32.6,93.5
31.8,56.5
11.4,56.7
30.6,48.4
43.4,56.6
15.5,78.6
41.8,92.4
25.9,35.7
7.3,73.0
9.5,89.9
40.8,59.3
21.3,10.6
31.7,64.9
21.9,29.7
5.1,39.1
5.7,22.0
7.9,93.7
14.6,10.9
30.8,14.8
20.8,4.1
19.2,74.2
13.6,23.6
28.7,13.1
3.1,73.6
10.1,49.9
38.0,28.7
42.3,22.9
17.4,5.8
25.4,52.9
46.5,57.8
6.4,31.4
19.1,47.8
22.6,9.0
31.3,89.9
31.5,40.9
36.9,99.7
15.6,14.9
25.6,7.4
16.0,19.0
26.5,50.2
29.3,70.2
4.7,60.2
31.4,82.7
18.6,92.9
29.4,23.5
30.0,8.7
10.8,83.7
45.6,7.0
18.0,79.5
39.2,48.3
25.2,16.3
5.2,79.3
38.0,76.3
48.6,69.8
35.7,27.4
36.9,31.8
49.9,42.8
49.6,42.6
10.9,77.9
42.4,62.4
35.8,69.8
15.4,39.5
40.4,65.1
39.0,47.6
11.8,44.3
35.7,52.4
20.2,4.8
49.9,42.3
29.8,30.2
42.1,86.6
42.7,67.4
10.6,31.5
24.8,28.2
4.4,78.8
42.2,48.6
42.5,58.0
47.3,15.9
38.2,80.5
42.6,71.0
49.2,10.8
49.1,49.7
23.0,27.2
28.0,21.3
45.6,95.0
21.4,56.9
41.4,91.6
46.8,98.2
38.5,4.3
24.2,99.4
44.9,52.6
28.1,99.1
31.5,75.0
29.5,13.3
28.9,24.5
14.1,19.2
28.4,88.6
15.8,73.3
44.1,35.6
10.6,94.1
37.7,28.2
18.4,13.9
17.9,27.6
32.8,93.4
32.1,96.4
19.4,72.2
16.0,85.8
40.6,45.8
27.3,99.1
43.3,71.0
34.0,42.6
31.7,66.6
33.3,23.7
49.9,94.3
29.9,20.4
4.9,41.3
41.4,54.3
12.0,61.5
7.8,42.2
31.6,35.4
4.6,65.6
24.5,61.3
42.8,55.9
43.5,71.0
3.6,85.9
9.3,89.1
24.5,50.3
12.9,32.8
32.3,70.2
23.5,12.1
13.8,71.3
16.7,43.8
43.2,97.5
44.6,77.8
30.9,19.7
15.0,12.4
17.9,51.2
30.8,2.4
46.8,2.1
40.5,10.7
18.3,28.9
43.4,73.9
0.8,20.8
46.1,32.6
14.1,91.1
48.4,45.3
47.5,51.1
3.8,38.0
16.0,5.1
37.4,88.1
33.3,9.3
4.6,87.6
27.9,6.2
26.6,97.7
44.3,23.4
19.6,62.5
44.6,36.3
37.7,98.7
42.1,59.6
21.0,65.5
2.5,56.5
24.7,70.6
11.4,84.7
8.6,84.8
21.7,23.6
35.2,88.4
13.6,92.8
22.0,27.2
9.8,99.3
9.0,95.5
33.8,94.6
22.0,4.8
25.9,34.2
28.0,58.6
37.7,8.9
26.8,72.4
31.5,9.3
41.4,10.1
29.9,38.5
32.3,71.0
44.4,68.3
27.0,65.0
26.5,50.7
17.6,96.4
46.1,48.2
39.5,85.0
20.7,46.5
48.9,10.5
6.2,44.5
9.3,88.6
14.3,58.6
4.6,34.6
34.9,97.9
12.6,17.8
4.9,33.9
33.7,81.1
17.2,47.1
3.2,99.2
20.2,78.9
25.9,1.1
49.4,59.6
33.1,27.3
14.9,68.6
15.4,16.5
5.7,72.4
48.7,15.3
9.9,76.1
21.1,30.3
29.5,19.5
47.5,55.0
12.7,17.3
43.2,58.4
40.4,97.9
25.2,94.3
19.9,98.6
35.0,33.5
46.3,17.5
44.8,69.0
46.1,81.9
2.3,1.2
33.5,8.8
3.2,37.4
18.1,52.0
30.6,58.4
2.4,76.2
20.0,20.9
41.9,96.7
37.8,81.5
36.5,7.8
23.2,31.9
9.1,36.6
38.2,12.7
1.2,63.9
11.3,2.3
43.2,73.2
19.0,77.2
7.3,93.9
44.0,16.5
5.4,49.0
11.0,28.7
18.2,91.9
44.7,63.6
29.2,49.0
24.8,95.9
20.8,8.0
47.9,84.3
17.7,72.8
41.4,30.4
16.1,93.7
17.4,72.3
14.7,59.0
35.9,31.5
19.1,62.8
3.0,89.9
4.3,59.1
35.3,24.1
42.8,17.7
47.6,26.2
23.5,12.8
27.0,53.3
7.1,26.7
30.2,78.4
38.7,53.6
20.8,41.9
5.4,57.6
42.1,17.1
7.0,49.7
49.6,77.5
10.0,57.9
12.7,95.6
21.4,59.8
43.5,82.5
18.7,71.6
49.2,17.7
38.7,56.6
41.6,19.4
19.7,81.5
29.0,2.6
49.2,93.4
27.0,84.5
10.5,64.2
39.4,51.1
37.4,53.4
5.0,36.0
9.1,17.8
3.1,89.1
43.6,58.4
5.2,54.4
19.7,78.0
20.5,5.7
27.5,24.0
32.2,54.3
37.1,64.9
38.8,32.4
45.7,96.6
39.5,26.5
1.9,40.9
37.2,78.6
40.4,36.0
3.8,83.9
30.7,62.4
49.6,59.6
25.2,94.1
16.0,81.0
35.5,3.7
31.5,20.3
26.2,48.3
14.7,97.1
49.8,24.6
38.4,9.9
37.9,77.6
22.2,21.7
19.3,79.6
42.6,46.4
41.9,31.8
36.7,3.4
35.1,57.0
22.0,92.6
12.3,4.9
1.9,80.1
16.4,96.5
30.6,87.8
16.7,58.7
37.0,55.5
5.7,77.4
39.4,56.2
29.6,97.7
4.0,83.9
8.9,77.6
10.4,70.7
4.4,85.5
48.5,39.2
15.0,59.6
25.0,95.3
2.0,36.8
36.2,94.7
10.3,96.6
38.5,79.2
8.1,56.6
44.0,79.9
2.7,29.7
17.4,6.5
26.4,17.3
22.1,72.5
24.4,60.2
37.3,46.9
41.9,33.2
35.6,47.3
49.7,22.1
28.8,73.8
4.3,78.7
25.7,74.6
2.4,84.1
17.7,62.5
10.3,28.9
33.8,61.2
44.7,41.0
32.5,79.2
25.2,90.5
43.1,12.8
7.6,77.5
23.2,43.8
31.0,25.5
5.4,87.4
12.7,29.7
39.8,94.0
49.4,14.3
35.6,26.8
39.1,60.2
0.8,68.7
40.8,81.6
25.9,20.0
46.2,13.3
28.7,42.9
34.0,92.0
48.3,8.9
17.9,44.8
29.2,31.1
16.1,7.5
6.2,79.3
36.6,48.1
18.5,90.9
24.6,73.6
31.1,75.1
34.8,38.2
0.4,90.2
44.4,17.6
15.5,33.7
12.8,26.3
25.6,48.8
34.0,67.8
9.6,33.4
16.4,70.8
29.1,54.1
27.9,40.1
47.2,70.6
23.8,22.2
47.6,33.6
22.2,60.8
35.4,18.8
25.5,82.3
36.5,29.8
45.5,6.4
9.9,18.2
6.8,24.7
2.6,5.9
28.1,63.7
5.6,5.5
14.3,3.6
29.0,78.3
7.7,8.1
9.6,29.6
21.8,30.2
21.2,66.6
11.1,97.4
44.5,64.9
27.7,32.5
48.8,85.7
47.3,89.5
21.2,26.4
25.4,39.9
20.2,31.0
17.3,88.6
7.2,84.0
5.5,89.8
2.4,40.8
1.3,92.4
1.6,42.8
31.4,43.5
43.0,60.7
31.9,53.3
47.9,16.2
17.7,40.4
25.1,23.6
32.9,25.5
5.4,39.1
30.6,31.5
13.7,75.4
33.8,88.3
47.4,55.1
7.9,58.5
27.8,32.4
46.2,48.3
31.0,63.1
14.6,54.8
11.3,51.1
1.7,81.6
31.2,97.5
22.0,24.2
47.7,94.3
19.1,90.8
9.0,85.4
39.5,65.8
39.8,71.1
32.4,27.8
37.5,74.6
24.3,30.9
22.4,5.4
48.8,63.4
11.8,87.2
39.1,87.1
47.2,11.1
1.4,59.6
17.7,79.5
34.5,30.0
15.7,43.4
46.4,0.4
8.4,25.0
20.2,70.1
26.7,26.7
34.3,90.9
49.1,1.3
39.8,48.0
1.1,72.5
18.3,57.1
49.8,80.6
0.2,8.1
8.0,51.0
48.1,6.9
41.3,19.3
15.1,0.0
1.0,34.8
48.2,31.6
40.9,48.2
7.0,19.8
32.4,27.5
4.9,96.9
9.2,87.3
44.4,93.1
15.7,54.8
28.6,63.0
21.3,11.9
15.1,50.7
21.4,84.6
42.2,65.7
14.3,33.6
43.7,34.1
48.2,68.6
44.4,63.4
2.4,47.9
33.0,54.0
29.2,16.9
46.1,72.2
35.3,3.6
44.8,28.7
31.1,3.2
37.7,27.8
31.0,67.2
28.6,90.1
2.2,45.6
44.3,97.1
31.9,48.3
45.6,31.2
20.0,75.8
0.2,49.9
49.2,25.4
44.1,83.4
44.3,3.2
2.2,25.8
9.8,58.0
40.0,39.3
47.5,55.7
1.7,25.4
29.0,59.6
36.0,29.2
5.6,98.7
29.4,59.2
29.6,69.0
45.1,10.1
12.8,60.9
16.0,94.7
1.5,39.6
15.1,36.7
7.5,91.9
19.6,58.7
31.3,31.4
35.1,46.5
32.7,49.4
1.0,8.1
22.4,65.8
36.5,80.3
1.8,71.1
19.3,99.7
33.2,29.0
12.1,19.6
6.5,94.4
0.0,58.8
12.9,85.3
18.0,55.3
12.7,66.7
5.1,66.1
10.2,13.3
33.2,79.8
14.2,12.3
46.8,9.8
33.4,82.0
32.6,59.9
43.8,51.8
45.5,32.0
0.5,30.5
35.1,86.0
33.8,19.6
22.8,68.2
15.6,11.4
10.3,80.1
6.6,46.8
41.3,78.0
27.7,6.9
29.9,90.3
2.2,58.8
35.6,54.2
17.6,14.3
26.3,30.9
14.5,40.2
35.5,73.9
47.1,4.0
27.1,94.9
48.2,24.3
49.2,0.8
33.8,98.3
24.2,16.9
45.7,13.5
48.2,19.9
49.6,87.2
2.2,80.7
46.0,0.6
13.7,42.2
29.5,16.0
25.3,53.3
33.4,14.8
19.5,91.0
20.1,46.7
42.8,9.1
46.2,87.7
40.7,31.0
4.2,58.9
11.3,6.2
5.1,54.3
31.3,21.7
8.9,32.8
15.7,41.8
17.8,90.3
40.9,93.7
38.2,12.0
17.8,80.5
36.8,45.0
17.0,52.7
29.5,57.4
38.2,44.8
13.9,87.3
13.7,11.6
2.8,73.4
36.0,33.0
38.9,21.3
15.9,4.7
26.6,28.9
17.7,34.0
41.6,97.3
27.6,50.0
32.4,92.0
16.3,80.5
25.9,0.9
28.6,63.5
12.4,69.9
23.5,52.8
38.8,17.8
46.9,30.4
2.6,19.8
18.0,62.2
9.0,48.9
7.9,55.2
40.0,31.0
13.5,44.7
4.7,0.0
34.7,61.8
1.0,26.5
39.9,35.7
27.3,46.8
29.8,4.8
8.0,8.6
4.0,7.8
37.1,79.1
13.5,35.5
17.5,5.0
14.3,63.4
30.6,93.0
15.9,15.9
38.0,77.3
0.2,20.9
36.9,12.6
27.0,24.8
0.2,85.1
25.3,51.2
18.9,58.1
37.8,58.5
30.0,31.2
23.0,9.4
20.4,7.9
40.4,0.9
2.0,91.5
4.8,4.4
35.6,6.0
0.2,9.0
47.3,64.0
29.7,77.4
23.1,38.8
15.5,3.4
27.3,83.2
3.7,89.0
14.1,75.7
48.8,76.8
14.6,70.1
1.6,30.0
23.4,22.3
37.5,68.2
48.1,99.5
8.4,82.2
1.4,49.5
26.7,94.4
42.3,41.7
28.2,73.7
49.2,98.2
6.0,21.1
0.0,42.7
27.4,57.5
0.2,91.9
36.3,28.2
46.8,32.8
37.5,1.2
1.3,70.4
31.0,72.3
44.4,91.3
40.5,46.8
10.9,48.7
0.2,5.0
14.8,13.0
2.2,86.6
9.6,24.0
39.1,31.0
28.9,82.2
14.9,4.1
33.7,17.5
33.8,4.4
13.4,88.6
44.2,70.0
37.2,52.2
45.8,14.1
39.7,84.1
42.3,7.1
8.6,65.2
49.6,51.3
21.0,49.8
13.9,87.5
43.7,86.0
4.4,69.7
27.2,43.9
21.6,20.4
20.3,58.0
2.4,71.4
11.8,76.6
9.9,33.2
30.1,30.5
15.2,77.5
10.6,90.3
3.5,35.2
19.6,71.0
6.9,92.7
41.5,78.4
31.0,17.6
44.8,80.1
8.4,40.8
39.9,18.6
7.7,30.5
4.4,71.2
36.7,21.5
39.6,13.3
41.7,40.6
22.6,65.9
45.5,11.5
9.6,50.3
33.1,97.1
39.4,73.6
15.2,83.4
15.0,50.5
18.7,62.1
47.9,87.2
40.8,43.4
29.8,79.1
26.7,41.6
7.5,0.0
34.3,50.0
8.3,85.5
27.9,25.9
43.7,73.2
23.7,17.0
43.7,50.4
49.1,39.2
6.9,19.8
30.9,6.1
44.1,31.9
0.1,58.3
16.9,11.4
12.7,92.0
15.7,40.0
40.4,66.1
6.2,49.3
48.2,19.2
40.8,16.1
40.1,93.3
8.8,4.4
47.9,56.9
1.5,20.3
37.3,45.5
44.4,42.4
14.7,39.8
8.5,47.3
26.7,83.1
49.8,10.2
8.1,5.3
30.0,63.9
47.2,47.5
46.1,81.2
2.3,38.0
27.0,79.0
28.7,97.7
19.7,68.5
44.2,83.7
18.0,43.4
27.5,13.4
18.3,79.9
1.5,89.0
5.2,41.1
24.4,65.1
47.9,13.3
9.8,71.4
49.9,74.9
16.6,53.7
5.0,48.2
32.3,21.9
7.8,36.6
45.7,9.7
42.4,31.7
0.1,48.6
29.4,69.6
23.5,56.2
27.5,2.7
34.3,80.0
30.3,5.3
18.5,51.1
16.1,39.4
21.0,40.7
29.7,86.0
48.9,64.4
17.6,34.6
36.8,87.7
39.3,33.2
48.8,0.1
44.2,93.3
2.0,78.7
20.3,0.3
3.1,26.3
33.1,63.3
8.1,97.1
3.1,53.2
46.4,4.6
5.5,13.5
44.8,76.2
47.2,50.7
25.1,98.8
16.9,35.8
6.7,24.2
47.9,59.2
38.7,21.8
2.5,68.5
45.8,67.4
0.6,58.3
5.1,31.9
16.6,15.7
37.2,96.0
34.8,0.6
29.0,81.9
20.8,69.0
38.2,65.2
21.8,21.4
2.7,37.6
21.5,5.2
22.4,4.8
43.4,81.9
15.1,6.9
42.9,94.4
46.0,37.7
30.8,25.5
1.6,52.8
1.5,57.6
21.5,78.8
38.1,54.2
14.5,33.2
38.8,31.5
41.3,26.9
41.3,12.2
39.1,83.6
31.5,53.9
12.1,96.0
6.7,5.5
22.5,51.3
42.7,67.5
5.0,75.2
4.2,20.4
10.1,16.0
32.8,23.7
31.0,85.9
39.2,26.7
30.6,88.7
38.0,11.6
13.5,55.3
49.6,3.3
12.1,73.6
8.0,8.4
37.3,7.6
0.5,7.2
19.6,97.6
6.3,91.6
46.7,8.7
22.0,53.8
12.3,57.2
5.5,66.5
30.6,58.9
25.0,92.3
2.6,36.2
46.2,35.5
10.0,1.8
39.1,89.7
26.0,82.0
21.6,36.5
29.5,0.1
22.8,12.6
7.4,58.3
42.2,64.4
36.6,86.7
16.6,52.5
22.3,22.1
43.4,69.8
22.0,32.6
21.0,65.3
11.7,23.8
1.5,38.4
7.5,65.5
43.6,37.4
9.6,22.9
19.7,11.4
32.7,7.5
47.4,24.5
5.7,98.5
25.8,2.8
37.2,85.7
9.5,18.5
1.5,39.9
45.4,97.8
7.4,8.5
22.7,19.4
19.9,78.0
6.5,35.2
48.4,7.2
48.7,49.2
35.5,46.9
22.6,50.3
23.6,21.8
43.5,37.1
13.6,62.4
29.1,45.6
40.4,39.2
45.4,37.7
2.3,84.6
17.7,75.0
37.3,89.3
11.2,10.7
38.6,20.0
35.7,87.4
47.2,59.5
13.7,4.3
0.5,2.4
15.8,27.5
20.2,68.7
35.6,81.1
26.4,53.7
35.2,52.4
25.1,99.9
19.2,0.6
43.5,75.3
15.2,12.3
35.8,22.4
37.2,81.7
12.1,34.5
36.4,27.2
25.1,99.7
21.3,67.7
17.4,53.9
22.3,78.5
3.7,63.3
48.6,36.0
6.7,54.3
11.1,20.9
9.4,70.1
30.2,77.4
40.7,70.8
0.1,19.0
14.5,15.2
16.2,78.5
13.9,50.0
1.5,5.9
47.8,43.9
15.3,53.0
5.4,2.7
8.8,96.2
27.6,59.9
46.6,23.8
39.0,94.4
49.4,17.4
0.0,53.6
31.4,54.2
37.0,95.5
22.8,79.4
49.7,23.7
19.3,19.6
10.7,66.0
25.3,57.4
30.0,91.2
20.1,69.4
11.7,69.1
5.0,16.1
26.2,64.2
11.0,21.5
38.8,76.3
20.4,34.6
8.1,15.0
39.1,74.1
43.5,48.8
15.9,0.2
49.1,51.2
26.7,87.1
31.9,97.9
37.4,89.2
4.5,35.7
31.8,86.8
27.0,29.4
46.9,31.0
21.7,46.6
0.8,9.7
36.6,24.1
0.9,23.1
41.4,4.1
1.6,6.3
43.8,76.5
35.1,11.2
29.6,40.0
35.5,72.2
7.8,22.8
26.0,54.5
44.7,32.9
6.1,41.8
6.3,53.9
40.2,86.8
10.5,47.3
15.3,40.5
23.5,22.2
13.4,74.1
24.7,30.4
2.1,59.8
47.3,68.4
0.7,32.6
32.7,52.4
13.7,14.0
29.1,21.6
7.7,20.7
47.2,47.1
10.1,40.4
5.8,59.9
5.2,28.9
11.8,16.4
42.5,40.3
22.9,29.7
32.0,37.0
6.5,96.9
11.3,85.2
9.2,92.2
29.9,20.9
15.6,79.7
38.1,60.1
13.1,66.4
14.2,99.4
15.9,9.9
23.0,99.9
0.9,86.4
31.2,89.5
9.9,75.3
18.1,78.1
41.6,61.2
43.3,35.8
44.1,90.4
0.4,61.4
49.4,30.2
1.0,2.2
43.6,99.3
4.5,31.9
41.7,50.3
1.2,57.2
44.0,85.7
4.1,36.0
41.8,64.1
17.5,26.7
17.2,33.2
32.6,43.2
28.0,81.6
18.8,70.0
46.5,40.4
35.9,35.9
32.7,67.0
0.2,1.7
3.8,43.8
6.3,2.5
38.6,30.4
2.9,69.4
36.4,79.0
45.0,97.5
26.4,50.7
26.0,24.1
27.6,74.1
13.4,65.7
32.4,58.9
23.1,5.6
30.8,39.0
19.4,43.1
39.2,66.6
45.8,20.9
42.6,6.6
14.1,39.8
25.7,32.6
24.6,4.0
13.6,95.8
35.2,76.9
45.7,40.0
8.6,42.3
44.1,47.7
40.3,91.3
20.0,34.8
18.4,48.8
48.8,7.0
20.4,38.3
45.7,62.8
45.4,6.1
43.6,69.2
6.1,46.2
11.2,12.3
36.3,22.6
12.3,22.8
19.2,69.0
44.2,69.2
7.0,21.6
10.8,96.6
27.3,30.8
43.0,0.3
40.3,50.3
34.8,79.3
21.0,44.4
45.8,11.0
6.3,64.4
2.4,64.2
44.8,22.2
13.8,71.0
9.8,75.9
37.5,57.9
33.3,17.3
48.1,67.8
30.2,28.3
46.4,19.1
8.2,94.8
4.0,60.1
10.0,87.0
44.2,61.9
38.2,43.2
35.0,28.1
15.4,13.7
5.1,74.0
32.0,24.2
39.8,91.8
46.9,50.7
38.4,78.8
27.8,28.0
16.8,63.3
26.9,1.8
9.4,13.8
25.7,72.5
47.2,17.8
28.1,44.6
22.0,2.5
16.8,65.7
47.2,76.5
2.9,46.8
13.5,52.9
3.5,22.3
1.8,36.1
24.3,1.0
12.6,65.7
8.9,29.2
2.2,92.1
26.6,25.1
4.0,74.5
12.1,56.3
38.2,58.2
9.6,92.4
8.8,19.4
40.1,77.0
29.0,28.1
28.0,0.2
36.5,8.8
0.5,80.7
28.1,31.5
49.0,82.7
32.5,50.5
23.6,28.7
49.9,27.1
20.1,51.9
24.5,8.6
28.8,19.9
26.1,49.4
35.1,68.7
16.8,14.7
2.3,84.3
27.9,71.6
21.4,97.0
4.7,17.6
28.1,95.5
45.5,72.6
34.4,76.4
38.2,41.5
45.6,26.0
5.4,90.5
46.2,90.4
39.5,28.2
13.9,49.4
35.2,36.2
23.9,23.5
19.2,32.2
23.5,41.4
13.4,13.8
13.4,93.4
3.8,50.2
9.5,82.2
35.4,44.6
30.4,76.5
19.8,81.3
21.7,10.7
29.1,44.2
28.8,43.2
11.1,14.2
2.5,27.6
21.8,93.4
13.3,73.3
34.8,32.6
28.5,58.8
12.7,27.3
24.7,62.6
7.3,97.8
9.2,60.7
35.7,10.3
9.7,34.5
33.7,51.2
4.8,89.1
46.3,37.2
32.6,94.2
37.2,3.8
9.6,12.5
4.3,99.2
24.8,14.1
11.8,45.7
6.2,38.2
43.8,1.9
25.5,12.3
15.8,80.8
48.0,60.3
12.9,97.0
35.8,11.8
47.3,70.6
30.0,92.4
41.8,37.4
40.3,32.4
33.6,62.7
42.2,21.6
4.0,36.9
26.9,15.5
24.0,4.2
18.5,25.6
48.9,81.3
23.4,65.5
0.1,97.3
28.7,11.8
20.5,4.9
34.1,77.3
16.0,7.3
8.9,38.0
19.5,57.2
15.2,86.1
32.5,80.0
35.4,24.8
8.7,29.3
2.1,94.7
13.4,80.5
6.1,21.6
29.9,46.1
7.0,13.3
11.8,94.5
46.1,86.3
40.0,68.7
45.6,62.4
47.2,7.0
44.8,0.7
9.5,15.9
38.2,90.9
36.8,50.8
30.2,17.7
5.2,22.0
24.0,70.9
46.5,62.7
42.5,60.6
46.3,46.7
8.6,85.9
46.6,4.5
7.1,44.5
32.5,44.0
3.0,96.3
44.4,8.5
15.2,10.4
19.8,3.4
37.8,10.9
2.0,21.2
23.9,9.1
42.7,96.3
1.4,1.7
23.2,21.3
46.6,17.3
41.8,30.6
34.8,47.6
44.8,3.7
3.7,14.5
0.8,31.9
12.9,29.6
22.3,64.2
14.4,1.9
45.7,37.6
15.5,89.5
43.5,74.1
28.2,71.4
49.4,8.2
0.1,96.9
0.7,12.6
49.0,43.7
25.3,88.8
6.3,58.2
19.3,82.7
10.3,35.9
48.0,61.0
4.6,72.1
47.6,18.2
32.2,21.2
33.6,1.0
5.0,8.8
45.0,3.7
15.1,9.5
37.0,98.2
24.4,81.4
1.6,10.4
6.4,88.9
16.9,82.2
39.4,55.8
25.8,70.7
31.5,8.8
8.4,95.1
46.7,26.0
32.4,84.3
38.0,80.5
21.9,79.1
14.8,0.5
1.2,89.1
26.7,47.0
29.3,3.0
42.0,40.4
16.9,39.3
16.3,85.5
24.0,20.2
19.1,13.1
19.6,8.6
34.8,96.6
18.9,1.2
46.0,94.9
5.0,4.2
22.3,89.6
11.1,68.3
18.7,24.2
40.4,12.4
43.2,44.8
14.3,31.8
48.5,48.6
43.2,22.6
37.4,77.4
31.2,7.9
38.9,44.5
23.0,62.9
20.5,35.1
4.7,32.9
31.2,1.2
48.5,58.6
18.4,54.4
29.1,94.4
9.1,65.5
0.9,8.4
2.3,35.6
16.9,93.4
42.2,7.5
5.7,21.0
5.0,15.3
13.1,14.6
16.1,2.2
13.1,0.1
21.7,59.3
13.5,2.3
7.3,47.8
24.9,85.2
23.8,69.9
47.4,42.7
45.1,92.1
2.1,9.4
37.8,54.0
1.6,42.3
5.3,52.6
39.2,33.6
11.8,88.5
11.4,47.2
37.4,82.4
13.1,34.6
14.0,58.2
25.4,58.9
19.1,99.4
46.8,56.9
42.8,48.5
22.8,14.5
6.2,68.7
15.3,17.9
5.4,16.7
19.4,78.3
49.5,83.9
44.6,90.8
40.4,93.5
39.3,26.1
12.4,2.6
5.1,65.2
21.8,60.2
7.3,32.0
20.5,45.4
35.5,76.2
30.1,46.2
28.3,62.1
3.4,63.9
10.5,54.9
28.8,5.0
18.1,58.2
21.7,47.9
17.8,44.1
34.4,60.0
39.0,44.8
10.3,67.6
16.0,83.0
19.1,80.4
35.4,52.2
27.0,98.6
38.3,65.5
22.8,62.7
9.0,52.7
13.6,27.1
41.9,16.9
36.2,23.7
34.2,19.8
33.1,52.0
10.9,95.7
12.3,70.4
31.6,81.1
33.6,26.2
27.7,92.6
7.1,73.5
11.9,26.5
46.5,68.7
0.4,59.0
14.1,70.8
6.2,80.6
14.9,82.9
8.3,41.6
38.0,61.1
36.2,97.0
49.5,12.1
8.3,86.3
29.2,75.0
13.8,83.6
17.7,95.6
49.0,19.3
3.6,25.4
19.2,53.8
1.6,57.3
11.8,3.6
11.4,9.3
45.8,95.5
19.7,41.1
32.9,41.7
26.8,21.6
2.4,6.1
26.9,58.4
46.7,2.0
28.3,37.5
34.0,18.0
20.5,17.1
11.8,32.5
36.3,93.1
36.6,4.4
22.2,62.9
19.1,18.8
18.7,68.7
37.0,89.8
10.2,21.2
23.4,17.4
4.5,85.9
14.9,13.8
45.3,91.9
32.7,48.9
15.9,36.4
48.5,65.7
44.6,5.6
31.2,5.6
42.8,59.0
11.4,46.3
33.8,61.4
48.6,90.7
41.6,86.0
34.3,85.1
42.1,3.5
40.7,35.5
45.3,50.5
4.4,55.1
43.6,9.8
20.9,80.6
13.8,24.4
36.2,7.9
32.9,72.5
14.7,31.7
3.0,68.4
2.0,61.5
49.1,0.5
24.8,47.6
44.3,39.1
15.2,4.6
11.5,80.3
32.3,28.3
27.4,61.5
37.5,38.7
48.3,7.3
9.2,75.8
8.5,42.1
9.3,43.2
44.4,89.3
12.4,10.7
28.2,37.0
39.4,15.7
49.6,19.9
18.5,90.2
0.4,61.2
33.2,48.1
39.6,37.2
28.7,47.2
29.8,44.1
26.5,4.3
48.7,90.7
17.5,98.7
25.0,28.3
22.1,56.2
40.9,6.3
29.3,99.3
7.1,19.7
24.0,86.0
0.7,48.9
14.4,35.0
12.2,84.8
18.9,35.4
20.4,70.3
48.2,79.9
42.3,71.4
41.7,44.8
18.1,20.5
6.6,65.7
1.0,80.1
32.8,71.0
37.8,80.9
4.1,94.4
1.2,67.1
16.9,59.4
44.5,71.4
22.9,10.8
7.5,18.0
39.9,12.7
26.4,99.5
28.9,79.7
15.8,64.3
35.7,10.4
11.4,13.8
31.5,93.6
3.2,82.2
42.0,21.2
41.6,57.9
29.6,43.4
38.2,43.4
16.4,73.7
18.1,37.1
45.4,13.1
12.7,72.6
14.8,18.2
20.3,0.4
6.4,2.5
11.1,85.9
19.6,11.2
4.6,97.8
35.7,88.7
2.0,40.2
26.4,6.8
43.7,24.5
13.8,57.2
29.3,36.4
18.1,9.4
33.3,84.1
21.6,94.6
36.7,58.3
42.4,50.2
42.0,44.8
26.4,6.1
34.7,81.5
49.5,97.2
9.2,48.1
17.0,78.5
35.9,44.1
34.8,96.1
42.1,83.9
12.8,1.0
22.5,72.4
29.8,4.2
32.0,3.4
17.9,38.1
21.3,44.7
18.8,50.9
6.5,21.3
2.3,59.2
43.6,46.7
18.7,5.8
12.7,30.3
19.3,10.4
1.1,57.7
18.8,22.5
7.1,47.2
5.1,89.5
16.3,83.8
2.5,11.6
42.6,48.6
20.9,65.9
22.8,60.8
27.3,73.8
5.2,83.2
32.7,50.4
19.7,10.5
4.3,37.4
23.2,19.8
37.7,14.6
16.9,49.1
0.9,6.4
32.8,13.3
11.9,95.3
17.1,48.1
9.1,29.1
8.0,93.0
37.0,38.6
2.4,71.4
30.1,64.7
37.8,64.7
0.0,19.0
46.0,87.2
41.4,3.8
19.2,72.8
21.5,12.7
4.1,90.5
38.8,36.0
23.3,35.4
0.1,32.3
18.5,59.2
19.7,62.3
32.4,36.3
17.1,46.5
18.2,70.1
16.3,75.0
29.8,10.7
19.4,69.0
24.5,82.9
7.1,78.5
15.1,20.0
28.4,61.4
2.5,5.6
10.3,25.6
7.6,37.9
45.9,69.3
35.5,27.9
13.8,16.5
12.6,37.6
27.0,55.7
26.5,36.4
33.6,68.3
20.1,67.9
26.5,97.6
25.8,8.6
43.4,63.7
10.5,21.7
0.9,17.0
1.1,78.0
28.6,59.2
7.8,8.5
15.6,98.6
39.0,63.3
1.9,31.7
41.5,22.3
21.9,11.4
14.4,58.5
12.7,93.9
26.3,88.5
10.6,37.1
26.2,23.1
36.9,6.5
25.4,28.2
24.1,49.4
12.9,10.6
7.1,47.2
40.1,94.8
20.0,44.4
2.5,68.6
45.0,76.9
32.0,21.2
7.2,29.3
32.4,75.4
17.4,62.6
48.1,7.9
32.1,13.7
28.3,20.1
3.3,92.5
17.3,24.7
23.8,49.9
7.5,54.4
2.8,72.4
4.0,96.5
15.5,33.9
9.1,81.0
44.3,84.1
49.1,44.3
36.5,31.2
4.2,44.5
20.8,75.5
46.6,85.5
26.5,17.9
23.1,0.4
45.2,60.1
44.1,47.6
4.8,80.4
10.5,40.2
30.9,9.5
7.7,42.1
10.6,68.3
22.2,0.9
22.1,15.1
9.6,80.1
7.6,12.3
23.5,75.3
41.9,90.0
41.5,72.1
28.2,29.5
0.6,87.7
13.0,7.6
3.0,70.9
22.8,70.6
35.6,8.2
31.5,58.0
41.2,63.4
7.8,66.4
11.6,73.3
15.5,92.3
20.6,38.0
49.3,66.1
42.5,78.1
6.5,12.8
31.8,19.7
48.7,48.9
41.8,32.2
4.1,27.8
8.0,13.6
31.1,73.4
27.6,73.6
21.9,10.9
8.5,57.3
14.8,83.7
29.8,17.5
33.3,9.6
20.4,64.2
44.1,63.2
44.4,59.9
11.2,27.8
28.9,32.9
3.5,51.5
5.4,14.1
37.1,50.3
27.5,87.9
25.2,9.6
5.5,57.6
18.5,67.6
47.0,87.8
24.5,27.7
24.1,29.3
26.5,46.1
26.4,87.8
3.9,19.4
21.9,45.0
19.4,56.0
45.5,34.4
7.7,22.3
33.3,92.3
0.0,2.9
41.4,79.4
14.2,71.7
33.5,57.1
49.3,83.3
13.5,20.6
34.5,1.1
5.4,94.7
39.7,28.6
39.8,60.8
49.3,23.0
3.1,54.8
3.1,10.0
24.5,94.3
9.2,76.5
21.0,14.7
0.5,1.7
43.8,46.0
22.4,68.9
0.3,81.4
39.5,95.7
44.5,24.5
46.1,23.3
37.9,37.6
22.5,96.4
27.5,86.9
21.3,5.7
46.8,77.0
48.3,28.0
36.5,18.5
11.3,72.7
19.3,22.0
20.6,12.3
9.7,67.3
6.7,64.8
24.9,10.5
13.9,98.3
40.9,2.9
16.9,81.6
31.2,82.9
17.0,11.4
24.6,22.0
10.7,55.0
36.0,95.2
4.0,10.6
24.6,16.8
47.8,82.1
29.4,6.3
28.5,67.1
41.6,80.0
1.8,8.5
12.1,80.3
23.2,44.5
29.5,44.2
11.9,90.7
21.5,15.0
32.7,90.2
42.1,11.1
11.7,16.7
0.2,86.2
20.1,24.2
29.6,2.7
7.7,33.0
7.3,45.6
19.7,75.4
22.9,66.7
49.2,82.4
39.5,25.6
43.6,68.9
37.7,77.0
47.9,27.8
35.6,17.3
33.7,34.2
25.6,5.5
48.9,47.6
41.4,40.2
33.2,96.9
19.9,79.4
24.6,21.4
32.4,13.5
14.8,13.3
2.3,48.4
22.4,76.4
8.3,83.0
5.5,58.6
11.9,54.5
20.6,23.5
45.1,12.3
26.4,41.9
17.6,81.1
40.8,9.2
23.9,91.8
46.3,5.6
0.0,1.4
21.3,99.6
38.1,65.7
2.0,61.9
23.6,82.5
11.5,22.9
36.2,91.0
8.8,68.2
47.2,39.1
11.8,28.3
49.5,42.9
3.3,27.4
13.2,7.3
43.1,83.7
15.8,20.4
32.7,12.9
27.9,39.2
38.1,15.1
20.1,11.3
41.1,58.1
25.2,79.2
38.1,7.6
44.6,30.0
34.7,44.2
31.7,13.5
7.3,8.6
34.0,64.3
3.2,57.1
47.4,15.2
36.5,69.0
39.7,20.3
15.1,26.8
8.5,10.1
33.5,33.1
7.3,2.5
13.9,83.1
28.4,65.5
38.8,19.7
33.3,98.9
19.0,96.5
18.9,41.9
10.1,18.2
2.8,56.8
22.3,91.4
16.3,19.0
10.1,25.1
19.0,13.2
39.3,30.2
24.5,49.4
45.3,79.0
31.4,36.2
14.7,60.9
42.8,31.5
25.9,2.6
43.2,86.7
45.2,95.8
38.5,76.5
15.6,37.5
0.0,11.9
10.5,60.1
32.7,75.5
0.2,95.6
41.1,2.7
22.4,43.6
43.4,47.5
35.3,17.3
4.1,59.0
16.8,1.5
6.2,59.2
16.3,74.0
2.5,42.1
2.4,45.9
14.3,24.4
24.0,61.6
41.0,41.0
15.0,37.0
14.1,30.5
6.8,87.3
17.9,33.7
39.3,82.8
43.3,8.1
7.8,38.9
8.0,73.1
43.7,17.9
21.4,29.6
12.5,40.7
39.6,47.1
27.5,23.2
35.3,54.5
33.5,57.8
27.3,83.3
30.7,45.8
8.7,33.6
44.5,77.7
22.7,46.3
32.8,78.7
40.2,49.7
43.7,96.8
13.2,66.0
14.9,55.4
18.4,30.1
9.3,52.3
7.9,89.3
28.8,81.0
37.6,90.3
8.3,81.3
33.3,20.8
14.0,3.2
23.3,69.7
10.7,82.3
42.0,9.7
36.2,96.6
31.9,46.3
30.0,29.5
29.8,58.2
48.4,4.6
12.3,11.6
10.4,24.5
32.3,9.1
14.9,28.0
38.0,8.0
1.2,55.0
14.8,84.4
6.0,59.6
10.8,84.1
25.1,56.6
22.2,47.5
35.7,27.0
28.8,22.0
44.2,69.6
14.5,28.1
10.7,17.1
46.7,12.0
28.3,55.0
49.9,3.6
19.3,37.4
19.9,93.4
3.1,75.9
3.6,17.4
33.4,79.4
17.1,0.5
3.9,75.4
3.9,40.1
30.0,77.0
20.1,93.8
33.4,42.5
10.3,60.2
49.4,47.8
43.3,85.2
30.7,17.5
13.8,56.9
29.8,17.9
22.7,12.8
8.4,51.0
20.6,95.4
9.8,40.1
27.5,8.9
17.6,28.6
10.0,45.9
4.5,53.4
25.9,79.6
7.4,6.0
18.3,96.0
8.3,79.6
47.2,58.4
44.6,22.1
28.0,49.3
25.8,77.4
20.3,89.9
14.9,95.1
11.6,9.0
17.9,44.7
37.0,26.6
43.7,11.7
12.4,70.2
13.8,40.6
38.0,7.9
32.8,48.0
21.0,53.6
40.6,49.5
48.0,37.1
28.3,82.7
3.0,97.6
42.0,5.7
28.5,57.8
43.9,30.2
8.0,14.0
15.0,42.9
21.9,70.0
15.9,10.0
4.2,4.9
27.3,24.1
15.3,48.6
23.0,48.0
41.8,3.7
17.6,87.1
4.3,80.3
49.5,86.1
26.2,53.0
19.3,76.5
21.2,81.7
27.2,67.0
41.2,97.4
12.3,62.0
38.9,22.6
2.0,71.9
10.8,71.1
20.4,91.1
41.2,32.4
26.0,57.3
25.7,36.0
10.9,53.4
11.2,0.7
10.7,35.6
7.5,44.0
45.2,90.8
15.6,55.4
33.7,26.8
25.2,87.5
20.8,33.2
12.0,84.0
35.0,61.0
49.7,63.4
32.7,37.5
19.6,7.8
1.7,19.9
0.4,81.3
12.4,6.4
29.8,1.1
22.2,81.6
37.9,88.9
23.5,33.8
16.0,13.3
20.2,66.2
1.7,14.1
20.3,94.9
45.3,18.7
16.6,67.5
32.9,60.8
26.9,59.0
17.6,83.9
48.1,7.2
20.2,70.5
44.9,50.0
15.2,61.1
33.5,49.2
21.4,60.0
28.6,35.0
18.5,36.3
14.4,86.2
11.4,99.2
17.0,25.2
33.5,8.6
14.6,82.2
23.9,57.4
20.2,98.8
23.6,85.5
23.1,91.9
46.3,39.7
46.7,61.6
11.7,90.5
17.8,42.4
23.4,91.4
25.9,30.5
30.6,98.3
15.2,29.5
15.9,67.5
18.0,36.0
24.9,71.0
20.0,31.7
20.6,7.5
1.0,73.0
10.2,68.2
0.9,57.3
6.8,65.3
21.2,97.2
21.4,67.2
31.3,32.3
31.7,91.5
39.1,75.5
28.3,98.7
10.4,49.6
13.4,10.9
33.4,79.6
24.7,10.2
21.0,21.5
49.8,61.6
10.1,15.9
44.2,62.7
10.9,78.7
44.7,94.5
8.4,96.0
27.9,33.2
43.3,64.7
2.4,3.7
36.3,58.3
46.3,64.5
37.5,42.5
43.3,52.4
23.0,9.6
0.6,22.3
3.9,3.4
11.6,20.8
48.7,81.2
23.4,46.8
21.9,0.6
34.8,99.5
43.0,62.0
40.9,24.8
46.8,93.7
12.1,2.1
37.4,45.7
18.8,83.6
14.3,35.0
43.2,77.8
14.5,35.9
8.3,12.2
38.6,67.1
43.3,13.3
36.3,35.0
17.8,5.4
8.8,57.9
29.8,71.9
44.3,93.2
39.2,13.0
30.3,61.8
29.4,52.3
42.6,99.2
23.7,62.2
32.9,39.6
46.0,62.5
47.3,69.1
8.8,8.0
41.9,57.4
11.1,18.8
37.6,68.4
26.0,58.6
29.0,18.8
42.1,16.8
42.9,65.6
47.4,35.5
28.2,73.4
8.5,67.2
38.5,64.4
13.4,78.0
9.8,24.4
23.7,33.0
21.5,73.1
5.3,48.6
20.1,51.7
44.0,31.2
35.5,59.6
18.8,92.1
4.8,0.1
47.1,66.4
7.4,30.5
38.1,0.2
22.3,56.5
3.0,21.2
25.9,50.4
15.4,19.5
15.2,44.1
49.5,50.9
10.4,19.1
7.8,84.8
4.0,35.6
38.2,34.2
38.8,63.7
32.2,96.8
17.8,24.9
28.7,76.9
35.0,60.4
31.6,89.1
24.0,47.2
44.1,86.4
33.5,89.4
48.3,89.8
10.4,68.5
0.3,26.8
30.2,86.7
35.5,90.5
42.2,9.3
29.1,79.2
26.9,42.0
11.3,80.9
45.9,9.1
42.7,27.0
46.4,53.9
24.6,70.0
40.4,9.9
1.4,73.7
15.3,29.1
8.8,18.7
19.4,86.6
6.7,9.1
31.4,37.6
18.1,49.0
26.8,66.9
46.1,60.7
1.0,84.0
17.6,6.0
12.3,7.4
47.2,58.0
1.9,69.6
48.5,66.8
9.5,30.7
22.9,50.5
41.9,97.4
29.9,55.4
45.8,39.5
20.1,67.2
14.3,13.5
8.9,54.2
36.3,36.5
36.6,25.8
30.8,88.6
33.9,96.9
37.3,96.7
24.5,23.2
17.2,59.7
7.4,69.2
44.8,46.5
44.9,32.2
45.8,85.8
32.5,56.3
3.5,36.8
34.5,62.5
21.8,67.9
38.6,11.1
44.7,40.2
42.6,67.3
48.2,71.1
2.5,30.5
31.3,49.0
37.8,87.0
24.1,36.5
10.4,31.9
12.3,70.9
38.8,82.0
11.7,85.7
31.2,86.9
35.6,16.9
9.3,24.7
9.7,5.3
26.5,6.8
9.6,37.9
16.9,94.3
37.2,47.5
36.4,18.4
20.7,59.4
34.7,42.6
5.0,78.0
3.9,70.6
8.0,37.1
18.9,72.7
45.1,95.3
43.7,3.7
38.8,98.3
47.9,79.4
26.2,80.4
5.4,57.4
47.9,68.9
33.8,10.4
1.3,26.4
28.7,77.1
49.0,59.1
20.3,64.0
8.1,19.8
38.4,93.2
4.5,48.0
4.3,82.3
33.7,80.3
8.2,24.0
25.1,30.0
8.3,76.0
25.7,93.4
33.0,61.0
24.2,12.0
23.4,41.0
5.1,97.4
33.9,89.5
39.8,60.7
37.3,31.0
27.3,23.5
43.7,57.7
10.7,2.7
35.2,4.3
35.8,28.6
44.9,15.4
26.1,43.6
30.0,72.6
4.8,81.3
12.7,4.7
46.5,79.6
7.8,4.2
36.5,35.7
41.4,11.5
40.0,19.2
1.3,6.7
2.8,85.4
34.7,26.8
21.2,58.9
27.2,48.8
11.4,61.6
44.6,19.8
11.0,31.3
44.3,66.7
18.6,95.2
39.8,98.3
17.5,69.9
18.9,75.0
3.9,83.1
42.3,85.7
9.8,58.8
12.1,52.4
13.0,83.2
4.8,66.8
37.1,33.2
15.0,50.8
13.3,76.7
40.8,31.5
45.1,95.8
41.1,41.7
23.5,16.2
37.1,84.8
19.7,4.2
35.7,35.7
23.7,94.3
9.4,59.3
37.0,68.8
14.5,64.1
18.6,36.8
46.8,38.8
10.7,21.8
46.2,4.0
32.5,28.8
35.7,58.4
44.1,6.3
42.3,12.0
0.4,43.0
19.3,3.5
42.3,39.3
6.4,21.7
5.8,74.0
9.6,79.8
7.1,70.6
38.3,57.9
23.8,17.5
47.0,53.4
1.0,43.3
10.0,25.1
11.8,70.1
9.8,10.5
16.3,13.1
23.7,41.2
4.8,6.9
29.2,31.1
15.0,25.4
39.7,98.0
11.9,72.0
13.5,47.5
1.2,12.6
44.8,94.5
26.1,13.6
5.3,70.6
6.0,31.2
4.9,57.5
11.4,13.5
39.9,14.5
9.8,2.4
44.5,98.5
13.2,78.0
35.0,7.3
6.1,45.5
13.9,22.1
19.0,96.1
14.7,29.9
8.1,72.6
11.2,11.1
40.1,25.1
29.1,19.0
1.1,76.8
14.5,78.4
48.4,0.8
4.1,16.5
22.8,64.9
39.1,21.4
41.4,28.5
10.5,24.5
21.2,82.3
41.1,6.6
42.9,88.6
16.2,15.9
0.8,79.9
20.6,50.1
45.4,68.7
17.0,94.4
22.0,70.0
48.1,49.6
24.4,91.7
5.2,11.4
18.5,11.3
38.2,73.1
8.8,8.0
23.5,87.6
25.8,98.0
34.3,97.9
21.4,51.6
16.5,13.6
22.1,13.0
38.3,16.9
29.7,58.1
12.7,76.9
15.4,83.9
38.7,12.8
16.1,71.3
37.7,50.7
35.9,70.8
34.7,74.5
6.0,59.4
49.1,93.6
16.4,53.7
49.2,92.9
0.0,36.1
25.7,92.3
18.4,82.5
2.6,35.8
7.5,93.4
25.9,79.0
42.8,99.5
21.1,33.8
15.2,34.1
27.6,80.2
11.2,17.8
13.0,72.1
41.0,58.6
0.7,84.9
7.4,83.0
41.9,5.7
29.8,32.5
38.4,94.7
16.2,85.1
38.0,49.7
33.0,39.6
17.8,78.5
9.4,90.5
44.3,12.5
8.5,64.3
31.5,98.8
49.1,18.2
35.2,82.2
5.0,79.3
5.0,78.1
40.5,20.4
10.5,31.9
4.7,46.2
9.6,53.1
11.3,47.5
0.7,45.4
29.0,5.5
7.1,82.7
41.0,47.5
26.6,91.6
34.9,89.0
33.8,50.4
9.9,85.1
3.6,41.3
31.0,94.5
42.3,53.0
37.4,97.8
34.3,45.6
9.3,3.7
34.5,72.6
35.5,35.5
44.8,69.5
31.4,17.6
20.3,92.8
2.0,87.6
0.0,62.5
13.0,18.5
4.1,91.9
26.3,70.5
6.0,24.3
19.4,78.0
45.5,28.2
31.4,48.3
35.2,60.2
18.4,68.5
32.0,78.3
39.2,80.6
10.2,34.3
49.6,98.1
43.7,2.3
22.1,14.5
18.6,74.4
47.1,22.0
13.4,56.4
44.8,76.7
46.5,48.1
45.8,44.7
16.8,93.0
22.2,61.5
3.3,14.5
23.5,80.5
27.9,35.5
11.7,21.8
42.0,45.3
49.0,73.8
46.3,54.4
41.5,9.7
39.9,24.2
20.3,16.6
16.9,40.9
10.7,14.0
35.3,60.0
37.7,15.9
43.2,33.7
23.4,27.4
44.9,37.7
45.7,72.9
27.5,63.8
29.2,1.7
25.4,72.4
18.9,81.5
29.2,15.7
42.0,38.5
32.5,81.9
32.3,9.4
26.1,27.8
13.8,65.7
46.5,33.1
4.9,95.8
29.9,7.6
17.6,50.3
49.2,70.5
41.9,54.9
31.4,10.0
27.2,16.0
32.8,39.0
32.8,61.4
1.4,39.8
27.8,54.8
38.0,37.0
25.3,4.5
34.5,37.4
37.5,62.0
5.0,25.7
39.9,22.0
27.0,62.6
20.8,43.2
18.5,87.5
41.5,87.8
15.9,29.0
37.7,55.1
13.7,48.7
21.8,13.2
31.0,66.2
31.3,53.3
38.7,55.0
9.9,22.9
28.4,30.7
40.6,61.0
47.6,21.9
22.4,37.2
15.1,32.5
31.0,3.0
48.6,22.5
12.1,15.3
28.3,67.7
11.5,46.9
30.7,95.6
38.5,20.2
46.8,61.8
49.9,43.8
31.4,26.4
22.2,98.9
21.4,18.8
43.1,6.4
3.1,22.1
46.2,9.8
42.1,38.2
12.4,94.9
43.3,40.7
8.0,39.5
20.9,47.3
48.3,9.7
16.0,72.8
30.6,61.2
26.7,61.0
33.6,33.4
11.0,0.9
37.1,3.7
43.9,63.0
30.0,78.3
18.1,17.8
4.5,34.5
37.6,13.1
31.3,23.2
35.3,82.2
16.7,52.9
22.9,60.2
0.9,15.5
14.9,34.8
33.4,70.0
28.7,25.1
26.4,45.2
27.3,58.9
43.9,83.2
31.9,21.0
3.4,23.6
40.2,37.6
1.6,24.1
19.1,62.0
17.2,18.8
5.0,38.1
45.2,71.3
13.7,14.4
43.8,61.7
49.5,58.7
36.9,53.1
48.0,90.1
10.4,11.1
32.5,63.8
39.9,16.2
12.6,79.4
29.6,49.7
37.6,9.9
36.1,8.1
28.4,77.7
38.6,67.7
0.1,48.0
29.9,19.3
17.3,81.4
8.8,40.3
35.6,26.0
42.0,5.2
23.5,53.8
13.7,90.4
8.4,92.2
29.5,74.4
41.1,18.2
46.7,30.7
39.4,40.7
48.0,17.5
21.0,79.4
2.4,21.3
40.7,6.2
26.4,48.1
15.1,1.5
38.2,83.5
23.0,39.4
22.4,99.2
47.6,54.0
1.2,21.4
41.2,81.9
45.6,64.6
9.3,2.8
42.7,82.1
27.2,29.1
20.2,93.9
42.7,0.2
49.1,91.8
10.5,62.7
11.8,40.8
0.4,79.3
30.0,15.3
7.9,75.5
14.1,42.7
36.6,94.2
17.7,24.7
19.0,74.5
17.5,60.1
44.0,40.2
1.3,78.5
10.3,70.6
46.8,1.1
30.4,82.4
49.0,45.8
20.6,53.0
39.0,32.4
15.1,61.6
10.2,3.0
10.9,76.0
24.3,43.0
37.2,42.6
4.4,60.2
46.7,15.7
27.9,10.8
32.5,38.1
1.8,80.8
30.0,45.2
10.0,30.3
42.8,58.9
27.1,33.3
38.6,82.3
0.7,20.2
8.0,3.0
47.2,76.4
27.0,31.9
19.1,12.1
45.7,59.7
1.9,78.1
30.9,33.3
3.8,45.2
13.3,87.3
40.3,3.0
24.6,97.2
36.2,85.0
20.7,90.1
8.6,62.9
10.8,15.3
32.8,92.1
20.5,88.6
22.0,90.4
10.6,79.3
28.4,33.2
49.9,91.6
44.6,0.3
20.6,42.0
34.2,52.3
25.6,9.0
3.3,90.0
0.8,98.5
35.4,18.8
15.3,9.4
17.4,63.8
7.3,75.3
45.1,76.1
46.9,11.8
18.5,73.2
44.6,17.1
12.0,47.3
15.2,47.4
1.5,57.7
3.9,72.1
21.9,99.5
10.8,64.9
5.8,12.6
4.3,75.6
45.2,42.5
8.8,25.2
29.9,11.7
22.2,92.9
9.3,24.5
0.6,13.2
3.1,29.4
2.5,95.2
31.5,34.1
42.4,59.3
29.7,54.2
47.6,13.1
5.4,58.5
32.8,35.3
21.0,49.6
31.8,77.6
33.7,18.2
10.6,94.4
27.7,64.0
28.6,12.3
1.4,37.5
14.4,78.6
28.2,94.7
32.8,14.3
47.2,26.4
0.9,77.4
13.8,49.3
8.0,36.3
23.5,4.6
7.1,1.2
23.0,9.1
25.4,68.9
30.3,23.5
22.8,88.0
4.0,10.5
19.9,99.0
38.4,72.6
28.2,21.9
12.6,16.7
28.3,16.2
46.3,51.2
20.4,15.6
23.8,86.3
24.9,18.1
1.0,84.9
23.6,50.8
24.8,56.0
33.1,93.6
43.3,59.8
8.9,32.9
24.4,77.7
3.1,84.0
43.3,2.8
0.2,55.0
46.3,94.2
5.4,30.3
23.9,98.0
4.2,94.7
34.1,35.1
10.6,74.4
36.7,27.6
42.9,23.1
31.5,89.0
24.6,20.8
3.1,62.8
17.6,65.4
49.4,23.7
33.6,15.0
22.5,56.8
14.5,44.9
42.8,94.9
12.6,7.8
37.0,16.9
1.4,51.6
23.7,71.5
12.7,51.5
19.3,43.3
29.6,21.3
45.9,83.1
10.4,97.6
26.7,79.6
24.3,29.8
29.5,45.5
15.7,24.2
15.4,93.4
24.8,11.4
3.0,76.2
44.3,78.6
1.1,78.1
24.5,46.1
43.0,97.7
36.6,34.8
18.7,83.6
13.3,55.5
32.1,45.9
11.5,61.8
18.0,31.3
45.7,6.1
23.1,95.5
24.3,28.4
42.7,78.6
10.4,54.0
10.8,13.9
22.6,62.4
27.3,80.7
9.5,13.6
17.0,74.6
5.7,55.7
3.1,13.8
46.2,75.3
9.4,75.9
29.9,84.9
35.1,87.8
37.7,74.8
42.4,82.5
16.1,6.6
14.6,20.6
30.3,7.5
38.4,19.3
6.5,23.4
19.1,64.3
0.4,83.6
13.3,9.4
13.9,61.3
9.9,35.7
49.9,32.4
1.5,73.4
4.8,9.5
9.3,35.9
41.8,33.9
19.2,70.5
38.8,72.1
24.2,12.4
42.1,13.4
6.9,3.9
39.4,86.9
0.3,68.9
18.5,54.4
37.5,76.2
29.0,60.8
30.0,14.0
27.4,49.0
41.3,99.8
1.8,55.9
5.4,51.1
44.3,41.0
17.8,79.1
42.4,67.7
43.3,28.6
17.5,14.3
12.5,14.3
23.7,15.9
28.4,12.8
15.8,34.1
18.1,55.2
17.1,42.5
38.8,22.9
36.9,24.4
7.8,28.5
44.6,48.6
4.4,28.4
1.2,62.7
7.5,37.8
25.6,21.5
42.0,69.2
33.8,46.4
20.5,43.8
17.8,45.6
33.3,38.9
46.0,69.8
34.0,69.5
9.7,55.7
8.4,46.2
31.6,12.7
2.6,60.3
26.0,58.2
19.6,86.5
2.7,96.6
5.9,84.6
0.4,19.0
30.7,10.1
25.0,67.0
43.7,87.8
0.7,33.9
43.6,28.1
28.9,76.6
18.1,19.4
40.2,39.3
4.4,46.7
22.9,68.8
37.2,38.5
8.1,23.7
8.5,9.5
3.5,54.5
19.1,39.0
16.8,82.0
19.0,73.1
4.1,57.9
9.7,52.4
34.1,28.9
22.4,29.3
12.7,77.1
1.2,75.4
10.9,19.8
2.9,66.1
43.8,65.1
19.3,31.9
22.2,23.0
46.9,26.2
24.9,77.9
40.3,46.9
47.7,48.1
47.1,75.8
19.2,63.1
5.5,22.6
9.9,56.4
39.2,16.9
12.0,45.2
6.5,39.0
10.5,41.6
43.8,87.3
24.2,72.2
25.6,68.5
21.6,6.1
14.3,85.2
32.0,93.2
1.2,90.3
24.1,97.8
16.8,77.3
41.4,26.7
18.4,58.7
4.3,83.3
23.1,31.2
43.3,21.7
3.9,99.1
5.0,54.8
2.5,8.2
45.1,93.3
49.2,23.2
48.4,25.7
16.2,32.3
17.2,25.8
29.3,26.6
26.9,88.0
34.3,26.1
5.7,35.6
28.1,94.3
2.3,28.9
39.3,65.2
12.9,20.0
40.9,21.5
49.1,29.4
37.6,9.1
44.0,94.3
0.0,54.8
49.7,10.5
40.2,57.0
47.1,4.6
12.1,82.8
12.3,19.6
38.7,98.6
26.5,81.6
43.8,74.3
49.3,10.7
1.7,61.3
7.3,33.1
48.6,76.8
21.9,11.0
17.0,4.9
25.3,49.4
19.2,59.4
44.0,13.8
13.3,0.9
27.5,99.1
0.0,0.1
2.3,95.8
20.2,6.3
21.3,83.1
34.2,16.6
20.8,0.8
5.2,77.2
45.4,38.6
20.1,66.2
6.6,3.6
6.5,83.2
35.3,19.2
16.0,75.1
40.5,17.9
5.2,39.2
27.4,86.7
9.6,99.4
5.3,3.3
28.3,18.8
46.3,90.9
17.0,60.7
21.2,17.4
31.6,49.7
19.4,61.3
34.3,49.4
36.8,60.4
43.8,51.4
42.9,16.9
14.7,85.4
31.8,65.4
12.6,24.7
36.2,29.2
30.8,55.0
40.8,11.0
33.3,87.5
40.9,21.3
36.8,22.3
34.7,52.4
20.3,53.2
28.0,82.4
18.1,19.7
24.6,61.1
32.7,94.4
49.5,67.7
6.7,93.6
36.9,71.2
27.5,27.2
32.7,9.4
44.0,13.2
27.8,8.2
34.0,27.8
47.3,81.1
33.7,52.2
43.4,65.3
40.9,33.5
38.1,76.2
14.7,81.2
14.5,5.6
37.7,11.4
31.8,67.2
27.9,13.8
48.7,72.9
6.8,10.7
33.0,46.3
28.3,59.9
32.1,27.4
48.7,47.8
7.1,8.4
12.5,68.2
46.7,13.3
3.7,33.7
42.8,79.9
8.6,97.6
20.8,73.9
49.0,59.9
17.0,76.6
24.7,88.5
26.1,54.3
15.1,21.6
33.7,56.8
43.0,40.4
4.2,21.9
34.6,48.8
39.4,81.6
33.4,20.7
40.2,7.2
8.9,50.3
29.8,22.2
14.0,17.5
27.8,16.0
34.4,92.2
24.1,96.7
12.9,87.5
38.9,8.9
47.7,59.9
39.0,3.3
0.3,36.7
13.6,67.0
12.5,63.8
5.3,68.5
9.4,60.1
3.4,77.3
39.7,26.8
29.4,99.1
14.4,30.0
13.1,12.6
33.0,51.4
43.9,93.7
46.0,11.8
48.0,81.6
35.4,69.8
43.0,7.0
21.2,77.1
3.2,81.0
11.5,92.5
48.5,64.2
3.4,87.0
48.6,8.8
42.6,70.9
8.6,99.0
14.3,78.7
40.0,65.5
16.8,65.5
18.6,49.2
24.4,33.4
37.4,13.3
33.8,29.0
48.8,48.9
37.0,99.8
17.4,2.2
10.2,77.7
38.0,36.3
16.4,62.0
2.9,78.9
27.1,78.9
4.2,21.1
47.2,97.0
26.4,92.2
44.9,20.5
36.6,76.9
19.9,57.2
16.0,89.6
8.8,83.8
48.2,77.7
44.7,48.2
17.4,85.5
18.0,15.0
39.3,51.0
1.3,43.6
16.3,71.6
29.8,58.3
47.4,69.9
12.5,53.7
9.4,70.6
38.0,5.4
29.5,53.4
13.2,57.8
31.2,63.1
22.8,86.4
9.3,49.0
32.7,28.0
44.7,6.0
22.0,22.9
42.4,79.3
9.2,1.8
44.7,46.1
43.9,1.7
8.6,81.5
31.1,62.1
32.2,63.8
32.4,25.8
0.8,84.0
44.5,81.3
29.5,78.3
26.3,15.4
2.6,16.1
12.4,83.5
3.0,31.7
34.3,88.9
12.9,2.1
34.3,39.4
26.0,74.2
7.9,12.9
32.7,24.6
20.2,80.9
0.4,83.5
10.9,54.8
42.0,39.6
13.1,5.5
8.4,62.7
31.9,6.5
13.3,3.0
48.2,73.3
10.6,4.3
47.8,85.5
6.3,73.2
18.1,62.4
47.5,25.4
36.8,27.3
34.1,76.2
7.9,34.3
18.9,71.7
7.2,21.8
47.1,70.1
49.6,66.4
2.6,63.2
36.0,63.1
19.1,62.1
6.3,49.1
38.8,42.4
45.8,61.1
14.4,55.0
34.1,27.6
23.6,59.4
29.8,58.6
32.9,99.0
18.6,40.5
23.4,29.5
34.3,54.9
44.2,74.6
39.5,51.1
2.5,29.3
40.0,49.4
0.5,73.1
12.0,32.9
6.3,24.5
24.7,25.8
42.2,54.6
2.6,82.8
1.7,86.7
37.3,34.8
5.1,40.6
0.2,6.3
12.9,31.6
8.1,8.7
46.7,57.8
30.2,3.1
31.6,40.6
28.0,99.6
37.4,18.7
13.3,74.1
17.6,26.8
23.0,41.3
24.7,11.4
28.0,92.2
12.0,85.9
25.7,1.7
49.9,44.1
20.3,64.3
14.4,73.8
11.7,69.4
28.4,15.4
19.7,54.8
32.0,46.4
31.2,43.9
49.2,5.7
4.0,84.7
30.0,0.5
49.7,83.4
47.3,59.1
28.4,14.5
37.7,24.0
42.2,7.5
3.1,58.8
1.6,19.1
49.9,91.8
35.4,0.9
47.6,57.1
8.6,19.8
43.6,91.1
38.6,3.0
24.5,12.0
46.8,18.4
38.9,66.6
20.7,99.4
22.2,57.2
34.8,69.6
8.4,8.9
46.9,32.8
15.4,31.9
24.2,5.2
21.5,43.3
22.0,6.6
17.4,7.0
44.7,3.0
41.6,79.7
48.0,3.5
40.9,53.8
32.7,63.5
15.1,66.0
14.8,39.6
8.6,3.7
37.2,42.5
11.0,1.1
41.9,86.4
31.6,84.3
44.4,55.4
21.3,72.1
29.9,5.6
33.9,86.9
41.7,70.7
38.6,38.5
8.0,64.8
30.5,66.1
43.9,63.1
21.6,30.3
1.2,64.7
1.1,8.8
43.9,39.4
34.3,1.5
42.2,33.7
11.5,3.0
19.8,98.8
45.3,40.6
30.4,9.7
46.9,59.8
47.7,43.3
41.2,58.8
31.2,78.6
43.8,9.6
40.7,56.0
6.6,20.8
21.5,32.9
40.9,24.1
26.6,33.7
42.0,20.4
18.4,66.4
1.2,49.7
23.8,74.2
49.3,17.2
37.0,20.5
2.6,78.1
34.5,83.5
17.3,59.1
41.1,43.4
23.2,9.2
25.8,59.0
10.0,28.4
10.2,2.3
30.0,6.8
8.4,66.6
43.7,27.1
12.7,73.5
11.4,29.1
20.4,32.7
5.5,88.1
39.9,70.3
17.8,60.8
25.4,35.1
25.8,59.4
49.0,22.7
20.9,9.7
43.6,74.8
